S.No,Instance,Vars,Clauses,100,200,400,800,1000
1,blasted_case206.cnf,14,42,0.17,0.16,0.16,0.21,0.19
2,blasted_case200.cnf,14,42,0.19,0.18,0.21,0.20,0.20
3,blasted_case60.cnf,15,35,0.15,0.18,0.17,0.18,0.16
4,s27_new_3_2.cnf,17,31,0.21,0.25,0.18,0.18,0.20
5,s27_new_7_4.cnf,17,35,0.24,0.24,0.21,0.23,0.22
6,s27_new_15_7.cnf,17,43,0.24,0.25,0.26,0.25,0.24
7,s27_3_2.cnf,20,43,0.23,0.20,0.18,0.17,0.17
8,s27_7_4.cnf,24,63,0.25,0.25,0.26,0.28,0.28
9,fs-01.net.cnf,32,38,0.18,0.17,0.21,0.18,0.18
10,s27_15_7.cnf,32,103,0.24,0.21,0.23,0.23,0.20
11,blasted_case103.cnf,32,86,0.30,0.27,0.31,0.34,0.33
12,blasted_case102.cnf,34,92,0.17,0.15,0.16,0.18,0.19
13,blasted_case128.cnf,36,104,0.20,0.19,0.22,0.21,0.23
14,blasted_case127.cnf,36,104,0.21,0.21,0.21,0.22,0.24
15,anomaly.cnf,48,261,0.17,0.18,0.17,0.19,0.18
16,blasted_case28.cnf,51,143,0.20,0.23,0.23,0.25,0.31
17,blasted_case33.cnf,51,143,0.21,0.23,0.21,0.24,0.23
18,blasted_case27.cnf,52,146,0.18,0.19,0.19,0.21,0.21
19,blasted_case32.cnf,52,146,0.18,0.18,0.19,0.20,0.25
20,blasted_case26.cnf,53,148,0.20,0.21,0.22,0.22,0.22
21,blasted_case31.cnf,53,148,0.24,0.23,0.20,0.25,0.25
22,blasted_case134.cnf,60,146,0.20,0.26,0.25,0.26,0.28
23,blasted_case137.cnf,60,146,0.25,0.23,0.28,0.33,0.34
24,ais6.cnf,61,581,0.17,0.17,0.19,0.28,0.24
25,par8-1-c.cnf,64,254,0.15,0.19,0.18,0.21,0.24
26,blasted_case36.cnf,64,208,0.21,0.25,0.25,0.27,0.27
27,blasted_case24.cnf,65,190,0.27,0.30,0.34,0.32,0.32
28,blasted_case29.cnf,65,190,0.22,0.24,0.23,0.27,0.27
29,par8-4-c.cnf,67,266,0.16,0.17,0.20,0.25,0.26
30,tutorial1.sk_1_1.cnf,67,66,0.22,0.20,0.24,0.21,0.25
31,par8-2-c.cnf,68,270,0.28,0.19,0.23,0.22,0.22
32,blasted_case25.cnf,68,195,0.35,0.38,0.37,0.40,0.42
33,blasted_case30.cnf,68,195,0.23,0.24,0.24,0.24,0.31
34,blasted_case101.cnf,72,178,0.17,0.16,0.17,0.20,0.22
35,blasted_case100.cnf,72,178,0.25,0.19,0.23,0.24,0.30
36,par8-3-c.cnf,75,298,0.22,0.23,0.25,0.28,0.28
37,par8-5-c.cnf,75,298,0.19,0.18,0.22,0.26,0.27
38,blasted_case17.cnf,77,235,0.35,0.34,0.29,0.33,0.32
39,blasted_case23.cnf,77,235,0.21,0.21,0.23,0.26,0.29
40,blasted_case59.cnf,93,285,0.23,0.23,0.23,0.28,0.33
41,blasted_case59_1.cnf,93,285,0.31,0.23,0.27,0.31,0.30
42,blasted_case64.cnf,93,285,0.21,0.22,0.22,0.25,0.28
43,blasted_case63.cnf,96,299,0.24,0.38,0.37,0.43,0.44
44,blasted_case58.cnf,96,299,0.18,0.19,0.23,0.23,0.26
45,or-50-10-5.cnf,100,250,233.29,235.56,233.37,238.02,236.56
46,or-50-10-10-UC-10.cnf,100,250,0.90,0.94,0.99,1.14,1.15
47,or-50-10-10-UC-40.cnf,100,250,0.16,0.16,0.19,0.24,0.23
48,or-50-5-1-UC-40.cnf,100,250,0.17,0.20,0.22,0.25,0.26
49,or-50-10-8-UC-20.cnf,100,250,0.17,0.17,0.20,0.23,0.26
50,or-50-10-7-UC-20.cnf,100,250,0.84,0.85,0.89,0.99,1.04
51,or-50-20-2-UC-20.cnf,100,250,8.07,8.13,8.24,8.57,8.32
52,or-50-20-8-UC-40.cnf,100,250,0.22,0.21,0.24,0.27,0.30
53,or-50-10-4-UC-40.cnf,100,250,0.22,0.25,0.26,0.29,0.32
54,or-50-5-1-UC-20.cnf,100,250,0.40,0.43,0.46,0.54,0.56
55,or-50-5-10-UC-20.cnf,100,250,0.30,0.30,0.36,0.40,0.42
56,or-50-5-6-UC-20.cnf,100,250,0.19,0.20,0.22,0.26,0.28
57,or-50-20-1-UC-40.cnf,100,250,0.21,0.20,0.23,0.26,0.31
58,or-50-20-4-UC-40.cnf,100,250,0.36,0.37,0.41,0.49,0.51
59,or-50-20-10-UC-30.cnf,100,250,0.57,0.56,0.59,0.67,0.71
60,or-50-5-3-UC-20.cnf,100,250,0.17,0.20,0.21,0.25,0.27
61,or-50-10-3-UC-10.cnf,100,250,3.30,3.31,3.42,3.54,3.52
62,or-50-20-6-UC-20.cnf,100,250,0.97,0.96,1.05,1.16,1.21
63,or-50-20-9-UC-40.cnf,100,250,0.21,0.22,0.25,0.27,0.30
64,or-50-5-4-UC-40.cnf,100,250,0.20,0.22,0.22,0.27,0.30
65,or-50-10-5-UC-40.cnf,100,250,0.27,0.31,0.31,0.37,0.42
66,or-50-10-6-UC-40.cnf,100,250,0.20,0.21,0.26,0.28,0.30
67,or-50-10-1.cnf,100,250,113.41,113.94,114.63,113.16,114.18
68,or-50-20-1-UC-30.cnf,100,250,0.25,0.26,0.28,0.34,0.37
69,or-50-10-4-UC-10.cnf,100,250,12.99,13.14,13.22,13.22,13.48
70,or-50-10-3-UC-40.cnf,100,250,0.18,0.20,0.21,0.23,0.27
71,or-50-20-9.cnf,100,250,252.93,251.05,246.16,246.68,250.05
72,or-50-20-2-UC-10.cnf,100,250,211.96,212.08,209.06,210.01,209.23
73,or-50-5-9.cnf,100,250,586.99,602.33,590.49,585.24,570.43
74,or-50-20-7.cnf,100,250,397.49,396.10,392.06,394.60,394.99
75,or-50-10-6-UC-10.cnf,100,250,5.06,5.12,5.20,5.35,5.49
76,or-50-20-3-UC-20.cnf,100,250,0.34,0.35,0.38,0.44,0.47
77,or-50-20-6.cnf,100,250,88.51,88.87,88.58,89.19,87.75
78,or-50-10-4.cnf,100,250,333.18,333.74,334.33,332.56,333.75
79,or-50-5-5.cnf,100,250,303.38,305.26,304.63,303.66,311.21
80,or-50-10-3-UC-30.cnf,100,250,0.20,0.22,0.23,0.27,0.28
81,or-50-5-8-UC-10.cnf,100,250,6.37,6.46,6.57,6.68,6.57
82,or-50-5-1.cnf,100,250,149.76,149.81,147.70,152.22,145.84
83,or-50-10-7-UC-40.cnf,100,250,0.18,0.19,0.21,0.23,0.24
84,or-50-10-1-UC-20.cnf,100,250,0.22,0.25,0.25,0.31,0.33
85,or-50-10-10-UC-30.cnf,100,250,0.14,0.14,0.17,0.21,0.22
86,or-50-5-3-UC-10.cnf,100,250,0.38,0.35,0.45,0.51,0.51
87,or-50-20-5.cnf,100,250,261.17,260.89,258.37,264.25,264.09
88,or-50-5-3-UC-30.cnf,100,250,0.19,0.19,0.20,0.26,0.30
89,or-50-20-8-UC-10.cnf,100,250,1.38,1.41,1.46,1.59,1.62
90,or-50-10-5-UC-10.cnf,100,250,4.09,4.17,4.25,4.34,4.44
91,or-50-5-2-UC-20.cnf,100,250,1.26,1.31,1.37,1.45,1.53
92,or-50-10-2.cnf,100,250,102.38,100.96,99.45,98.66,102.27
93,or-50-5-9-UC-40.cnf,100,250,0.19,0.19,0.22,0.26,0.26
94,or-50-20-4-UC-10.cnf,100,250,1.94,1.97,2.03,2.14,2.17
95,or-50-5-4.cnf,100,250,187.13,183.21,180.96,180.68,182.46
96,or-50-20-10.cnf,100,250,513.95,505.91,503.10,512.50,506.99
97,or-50-5-10.cnf,100,250,131.38,130.81,132.88,132.38,135.08
98,or-50-10-8-UC-10.cnf,100,250,0.58,0.56,0.64,0.70,0.77
99,or-50-10-6-UC-20.cnf,100,250,0.64,0.65,0.72,0.77,0.81
100,or-50-5-3.cnf,100,250,205.08,204.49,205.96,204.08,202.75
101,or-50-5-2-UC-10.cnf,100,250,115.66,114.55,114.66,115.56,115.25
102,or-50-20-5-UC-30.cnf,100,250,0.57,0.60,0.62,0.70,0.71
103,or-50-5-5-UC-30.cnf,100,250,0.23,0.17,0.20,0.24,0.26
104,or-50-20-1-UC-10.cnf,100,250,82.77,82.24,83.99,83.06,83.33
105,or-50-20-6-UC-10.cnf,100,250,13.43,13.69,13.51,13.83,13.79
106,or-50-10-4-UC-30.cnf,100,250,0.24,0.23,0.27,0.30,0.30
107,or-50-10-3-UC-20.cnf,100,250,1.27,1.31,1.34,1.43,1.48
108,or-50-20-8.cnf,100,250,475.31,473.44,479.35,481.82,476.60
109,or-50-5-2.cnf,100,250,MO,MO,MO,MO,MO
110,or-50-5-5-UC-20.cnf,100,250,0.82,0.84,0.89,0.98,1.01
111,or-50-5-7-UC-30.cnf,100,250,0.21,0.23,0.28,0.28,0.33
112,or-50-5-9-UC-10.cnf,100,250,3.15,3.19,3.24,3.42,3.41
113,or-50-20-7-UC-30.cnf,100,250,0.35,0.35,0.38,0.45,0.46
114,or-50-10-3.cnf,100,250,182.52,179.48,179.28,179.08,177.09
115,or-50-10-2-UC-20.cnf,100,250,0.23,0.23,0.26,0.31,0.34
116,or-50-20-7-UC-40.cnf,100,250,0.17,0.18,0.19,0.23,0.27
117,or-50-5-10-UC-40.cnf,100,250,0.24,0.25,0.22,0.27,0.32
118,or-50-20-2-UC-30.cnf,100,250,0.80,0.81,0.87,0.95,1.00
119,or-50-10-7-UC-10.cnf,100,250,85.11,84.93,85.89,86.54,86.57
120,or-50-10-2-UC-40.cnf,100,250,0.17,0.18,0.20,0.23,0.28
121,or-50-5-7-UC-40.cnf,100,250,0.20,0.20,0.21,0.27,0.31
122,or-50-5-6-UC-40.cnf,100,250,0.17,0.19,0.20,0.23,0.25
123,or-50-5-7-UC-10.cnf,100,250,31.30,31.53,31.43,31.85,31.84
124,or-50-20-3-UC-30.cnf,100,250,0.24,0.23,0.27,0.32,0.31
125,or-50-20-7-UC-20.cnf,100,250,0.65,0.66,0.70,0.79,0.85
126,or-50-20-5-UC-20.cnf,100,250,4.42,4.52,4.51,4.59,4.60
127,or-50-20-3.cnf,100,250,169.23,167.27,166.09,167.09,164.93
128,or-50-10-2-UC-30.cnf,100,250,0.18,0.19,0.21,0.25,0.27
129,or-50-20-5-UC-40.cnf,100,250,0.25,0.28,0.29,0.33,0.38
130,or-50-5-1-UC-30.cnf,100,250,0.23,0.24,0.25,0.25,0.34
131,or-50-5-4-UC-30.cnf,100,250,0.43,0.44,0.49,0.56,0.61
132,or-50-10-1-UC-40.cnf,100,250,0.20,0.20,0.21,0.24,0.28
133,or-50-20-10-UC-10.cnf,100,250,4.08,4.11,4.19,4.30,4.36
134,or-50-20-4-UC-20.cnf,100,250,0.82,0.81,0.88,1.00,0.97
135,or-50-10-9.cnf,100,250,279.08,275.98,278.12,277.92,280.51
136,or-50-5-3-UC-40.cnf,100,250,0.16,0.18,0.18,0.23,0.24
137,or-50-10-9-UC-40.cnf,100,250,0.22,0.22,0.26,0.27,0.31
138,or-50-20-9-UC-20.cnf,100,250,0.39,0.40,0.44,0.50,0.54
139,or-50-20-3-UC-40.cnf,100,250,0.24,0.24,0.29,0.31,0.34
140,or-50-10-9-UC-20.cnf,100,250,1.00,1.04,1.12,1.20,1.24
141,or-50-5-10-UC-30.cnf,100,250,0.15,0.16,0.17,0.21,0.23
142,or-50-5-9-UC-30.cnf,100,250,0.19,0.18,0.22,0.25,0.26
143,or-50-5-8-UC-30.cnf,100,250,0.17,0.20,0.22,0.25,0.27
144,or-50-20-10-UC-40.cnf,100,250,0.27,0.28,0.31,0.35,0.40
145,or-50-5-8.cnf,100,250,597.72,595.56,597.50,606.04,590.85
146,or-50-10-10-UC-20.cnf,100,250,0.18,0.21,0.24,0.27,0.32
147,or-50-10-6-UC-30.cnf,100,250,0.48,0.49,0.55,0.61,0.62
148,or-50-20-9-UC-10.cnf,100,250,39.73,42.61,41.53,40.37,39.60
149,or-50-5-10-UC-10.cnf,100,250,1.06,1.07,1.12,1.20,1.27
150,or-50-5-8-UC-20.cnf,100,250,0.51,0.51,0.54,0.67,0.64
151,or-50-5-6-UC-10.cnf,100,250,0.36,0.37,0.43,0.48,0.52
152,or-50-10-7.cnf,100,250,536.63,524.26,538.44,525.43,527.18
153,or-50-5-2-UC-40.cnf,100,250,0.20,0.19,0.21,0.23,0.27
154,or-50-20-2-UC-40.cnf,100,250,0.36,0.40,0.41,0.48,0.47
155,or-50-5-9-UC-20.cnf,100,250,0.60,0.67,0.72,0.84,0.87
156,or-50-5-6.cnf,100,250,263.26,257.53,256.82,258.87,262.75
157,or-50-20-6-UC-30.cnf,100,250,0.25,0.24,0.29,0.33,0.36
158,or-50-5-4-UC-20.cnf,100,250,7.46,7.49,7.52,7.59,7.76
159,or-50-5-7.cnf,100,250,287.69,293.70,285.49,288.02,284.92
160,or-50-10-4-UC-20.cnf,100,250,0.66,0.67,0.72,0.80,0.83
161,or-50-5-6-UC-30.cnf,100,250,0.20,0.22,0.23,0.27,0.28
162,or-50-10-10.cnf,100,250,568.10,558.62,557.13,519.55,522.54
163,or-50-20-5-UC-10.cnf,100,250,13.36,13.43,13.68,13.61,13.75
164,or-50-10-6.cnf,100,250,341.57,344.66,335.27,339.58,335.77
165,or-50-20-6-UC-40.cnf,100,250,0.16,0.18,0.19,0.24,0.28
166,or-50-10-5-UC-30.cnf,100,250,0.75,0.78,0.82,0.92,0.97
167,or-50-20-8-UC-30.cnf,100,250,0.29,0.29,0.31,0.38,0.44
168,or-50-20-1-UC-20.cnf,100,250,1.91,1.93,1.99,2.13,2.14
169,or-50-5-8-UC-40.cnf,100,250,0.17,0.17,0.20,0.25,0.27
170,or-50-10-8.cnf,100,250,TO,TO,TO,TO,TO
171,or-50-5-1-UC-10.cnf,100,250,2.90,2.90,3.01,3.15,3.28
172,or-50-20-4-UC-30.cnf,100,250,0.61,0.63,0.66,0.79,0.84
173,or-50-20-10-UC-20.cnf,100,250,1.85,1.84,1.89,2.03,2.08
174,or-50-10-7-UC-30.cnf,100,250,0.21,0.21,0.22,0.25,0.29
175,or-50-20-9-UC-30.cnf,100,250,0.25,0.27,0.29,0.34,0.36
176,or-50-5-5-UC-40.cnf,100,250,0.20,0.20,0.21,0.27,0.30
177,or-50-10-1-UC-10.cnf,100,250,18.76,18.94,19.35,19.02,19.05
178,or-50-5-2-UC-30.cnf,100,250,0.20,0.19,0.22,0.27,0.28
179,or-50-10-9-UC-10.cnf,100,250,6.57,6.68,6.85,6.90,6.86
180,or-50-20-8-UC-20.cnf,100,250,0.62,0.64,0.69,0.77,0.81
181,or-50-10-9-UC-30.cnf,100,250,0.22,0.25,0.26,0.32,0.35
182,or-50-20-4.cnf,100,250,42.76,42.71,42.81,43.54,43.58
183,or-50-20-2.cnf,100,250,104.98,106.58,106.13,103.78,104.38
184,or-50-10-5-UC-20.cnf,100,250,2.39,2.43,2.48,2.61,2.62
185,or-50-10-1-UC-30.cnf,100,250,0.18,0.17,0.21,0.24,0.28
186,or-50-20-3-UC-10.cnf,100,250,43.63,44.18,43.84,43.99,44.73
187,or-50-20-1.cnf,100,250,257.95,255.79,258.34,254.98,254.87
188,or-50-5-4-UC-10.cnf,100,250,107.46,107.93,107.46,107.12,107.74
189,or-50-20-7-UC-10.cnf,100,250,6.14,6.15,6.36,6.52,6.58
190,or-50-10-8-UC-30.cnf,100,250,0.17,0.19,0.20,0.23,0.26
191,or-50-10-8-UC-40.cnf,100,250,0.17,0.18,0.17,0.23,0.23
192,or-50-5-7-UC-20.cnf,100,250,0.53,0.55,0.58,0.65,0.68
193,or-50-10-2-UC-10.cnf,100,250,0.55,0.59,0.63,0.72,0.76
194,or-50-5-5-UC-10.cnf,100,250,56.73,56.26,56.32,56.54,57.87
195,blasted_case4.cnf,103,316,0.32,0.36,0.36,0.43,0.44
196,blasted_case11.cnf,105,371,0.22,0.22,0.23,0.28,0.29
197,sat-grid-pbl-0010.cnf,110,191,529.87,555.27,511.70,513.42,521.67
198,ais8.cnf,113,1520,0.29,0.28,0.30,0.32,0.33
199,blasted_case43.cnf,116,421,0.27,0.29,0.34,0.38,0.42
200,blasted_case7.cnf,116,365,0.28,0.29,0.38,0.38,0.34
201,medium.cnf,116,953,0.19,0.19,0.22,0.28,0.34
202,blasted_case45.cnf,116,421,0.22,0.24,0.24,0.29,0.31
203,blasted_case47.cnf,118,328,0.30,0.30,0.35,0.42,0.44
204,or-60-10-10.cnf,120,300,MO,MO,MO,MO,MO
205,or-60-10-9-UC-10.cnf,120,300,7.06,6.96,6.94,7.18,7.31
206,or-60-5-2.cnf,120,300,MO,MO,MO,MO,MO
207,or-60-20-8-UC-20.cnf,120,300,0.32,0.35,0.37,0.46,0.51
208,or-60-5-10-UC-30.cnf,120,300,0.19,0.20,0.21,0.28,0.28
209,or-60-20-7-UC-40.cnf,120,300,0.23,0.27,0.29,0.36,0.37
210,or-60-5-4.cnf,120,300,MO,MO,MO,MO,MO
211,or-60-20-9-UC-10.cnf,120,300,38.00,37.44,37.41,38.51,37.47
212,or-60-10-7-UC-30.cnf,120,300,0.24,0.24,0.28,0.30,0.37
213,or-60-20-7-UC-10.cnf,120,300,641.54,645.06,641.48,591.60,577.90
214,or-60-5-1-UC-30.cnf,120,300,0.28,0.30,0.35,0.42,0.44
215,or-60-20-5-UC-10.cnf,120,300,MO,MO,MO,MO,MO
216,or-60-5-5.cnf,120,300,MO,MO,MO,MO,MO
217,or-60-10-3-UC-40.cnf,120,300,0.44,0.48,0.51,0.58,0.63
218,or-60-10-10-UC-40.cnf,120,300,0.21,0.20,0.21,0.27,0.29
219,or-60-20-2.cnf,120,300,MO,MO,MO,MO,MO
220,or-60-10-6-UC-40.cnf,120,300,0.18,0.19,0.24,0.26,0.28
221,or-60-20-6-UC-40.cnf,120,300,2.69,2.70,2.77,2.88,2.95
222,or-60-10-3-UC-10.cnf,120,300,530.80,533.45,524.81,528.42,529.07
223,or-60-20-2-UC-10.cnf,120,300,355.89,353.98,355.19,357.53,359.12
224,or-60-10-10-UC-20.cnf,120,300,0.68,0.72,0.75,0.88,0.94
225,or-60-5-3-UC-20.cnf,120,300,5.18,5.19,5.37,5.43,5.54
226,or-60-10-7-UC-10.cnf,120,300,13.86,14.24,14.33,14.51,14.36
227,or-60-5-10-UC-10.cnf,120,300,1.48,1.53,1.64,1.75,1.83
228,or-60-20-2-UC-20.cnf,120,300,3.20,3.23,3.30,3.41,3.50
229,or-60-20-7-UC-30.cnf,120,300,3.00,3.11,3.07,3.16,3.22
230,or-60-10-6-UC-10.cnf,120,300,351.96,348.30,349.21,344.85,346.70
231,or-60-10-8.cnf,120,300,MO,MO,MO,MO,MO
232,or-60-20-8.cnf,120,300,TO,TO,TO,TO,TO
233,or-60-10-5.cnf,120,300,MO,MO,MO,MO,MO
234,or-60-20-8-UC-10.cnf,120,300,63.08,63.35,62.46,63.11,63.50
235,or-60-5-5-UC-20.cnf,120,300,0.22,0.21,0.24,0.31,0.32
236,or-60-20-1.cnf,120,300,MO,MO,MO,MO,MO
237,or-60-10-1-UC-30.cnf,120,300,1.22,1.23,1.27,1.38,1.40
238,or-60-5-1-UC-40.cnf,120,300,0.17,0.17,0.21,0.25,0.27
239,or-60-5-10-UC-40.cnf,120,300,0.16,0.23,0.21,0.27,0.28
240,or-60-5-3-UC-10.cnf,120,300,241.06,240.00,241.93,242.27,240.91
241,or-60-10-6-UC-30.cnf,120,300,0.25,0.29,0.32,0.37,0.39
242,or-60-10-3-UC-30.cnf,120,300,1.08,1.13,1.21,1.28,1.37
243,or-60-10-8-UC-10.cnf,120,300,1.26,1.31,1.38,1.49,1.55
244,or-60-10-8-UC-30.cnf,120,300,0.27,0.26,0.29,0.36,0.37
245,or-60-20-10-UC-10.cnf,120,300,469.03,470.11,465.19,460.63,470.43
246,or-60-5-4-UC-40.cnf,120,300,0.24,0.20,0.24,0.27,0.31
247,or-60-10-4-UC-30.cnf,120,300,0.19,0.23,0.22,0.28,0.28
248,or-60-5-3.cnf,120,300,MO,MO,MO,MO,MO
249,or-60-5-8.cnf,120,300,MO,MO,MO,MO,MO
250,or-60-10-1-UC-10.cnf,120,300,119.48,121.43,119.47,121.63,119.63
251,or-60-5-9-UC-10.cnf,120,300,7.32,7.57,7.51,7.88,7.83
252,or-60-10-2.cnf,120,300,MO,MO,MO,MO,MO
253,or-60-5-5-UC-30.cnf,120,300,0.20,0.23,0.24,0.31,0.31
254,or-60-5-7.cnf,120,300,MO,MO,MO,MO,MO
255,or-60-20-10-UC-20.cnf,120,300,34.11,34.28,34.25,34.23,34.98
256,or-60-20-4-UC-10.cnf,120,300,439.73,440.78,442.18,444.06,440.68
257,or-60-20-2-UC-40.cnf,120,300,0.17,0.17,0.20,0.25,0.26
258,or-60-20-4.cnf,120,300,MO,MO,MO,MO,MO
259,or-60-10-1-UC-20.cnf,120,300,14.92,14.70,14.90,15.13,15.33
260,or-60-10-8-UC-40.cnf,120,300,0.19,0.18,0.21,0.26,0.29
261,or-60-20-6-UC-20.cnf,120,300,173.63,168.65,170.35,169.31,172.07
262,or-60-5-2-UC-40.cnf,120,300,0.23,0.20,0.23,0.28,0.30
263,or-60-20-1-UC-20.cnf,120,300,1.01,1.02,1.11,1.20,1.26
264,or-60-10-3-UC-20.cnf,120,300,7.83,7.64,7.87,7.93,7.92
265,or-60-5-3-UC-30.cnf,120,300,0.20,0.19,0.22,0.24,0.28
266,or-60-10-6-UC-20.cnf,120,300,0.44,0.48,0.51,0.60,0.65
267,or-60-5-1.cnf,120,300,MO,MO,MO,MO,MO
268,or-60-10-2-UC-30.cnf,120,300,0.21,0.21,0.23,0.29,0.31
269,or-60-10-4-UC-40.cnf,120,300,0.17,0.20,0.22,0.26,0.27
270,or-60-20-6-UC-10.cnf,120,300,MO,MO,MO,MO,MO
271,or-60-20-3-UC-10.cnf,120,300,5.71,5.67,5.78,5.84,5.89
272,or-60-20-10.cnf,120,300,MO,MO,MO,MO,MO
273,or-60-20-8-UC-40.cnf,120,300,0.18,0.20,0.22,0.27,0.27
274,or-60-10-5-UC-20.cnf,120,300,0.25,0.26,0.29,0.36,0.39
275,or-60-20-5-UC-40.cnf,120,300,0.82,0.82,0.87,0.97,1.00
276,or-60-10-10-UC-10.cnf,120,300,146.47,147.41,149.89,146.68,148.64
277,or-60-10-8-UC-20.cnf,120,300,0.92,0.98,1.03,1.16,1.22
278,or-60-10-4-UC-20.cnf,120,300,0.30,0.33,0.36,0.43,0.46
279,or-60-5-10-UC-20.cnf,120,300,0.57,0.60,0.64,0.78,0.80
280,or-60-10-2-UC-10.cnf,120,300,36.40,36.42,36.66,37.11,37.57
281,or-60-20-6-UC-30.cnf,120,300,12.68,12.82,12.96,12.99,12.85
282,or-60-20-5-UC-20.cnf,120,300,607.53,607.79,611.30,600.28,601.99
283,or-60-10-3.cnf,120,300,MO,MO,MO,MO,MO
284,or-60-20-2-UC-30.cnf,120,300,0.20,0.20,0.23,0.26,0.29
285,or-60-20-4-UC-40.cnf,120,300,3.18,3.18,3.31,3.41,3.42
286,or-60-5-2-UC-20.cnf,120,300,0.38,0.40,0.43,0.53,0.54
287,or-60-10-7-UC-20.cnf,120,300,0.56,0.62,0.66,0.75,0.80
288,or-60-10-5-UC-30.cnf,120,300,0.23,0.22,0.29,0.34,0.35
289,or-60-5-4-UC-10.cnf,120,300,0.94,0.96,1.06,1.15,1.24
290,or-60-20-9-UC-30.cnf,120,300,0.22,0.24,0.25,0.28,0.30
291,or-60-10-2-UC-40.cnf,120,300,0.23,0.23,0.28,0.30,0.30
292,or-60-5-4-UC-30.cnf,120,300,0.17,0.18,0.20,0.26,0.29
293,or-60-5-2-UC-30.cnf,120,300,0.24,0.28,0.31,0.36,0.37
294,or-60-10-5-UC-40.cnf,120,300,0.22,0.24,0.23,0.30,0.34
295,or-60-5-8-UC-20.cnf,120,300,0.22,0.25,0.27,0.34,0.35
296,or-60-5-7-UC-40.cnf,120,300,0.20,0.19,0.23,0.28,0.31
297,or-60-5-7-UC-30.cnf,120,300,0.21,0.23,0.25,0.30,0.33
298,or-60-20-7.cnf,120,300,MO,MO,MO,MO,MO
299,or-60-20-1-UC-40.cnf,120,300,0.32,0.35,0.40,0.46,0.49
300,or-60-5-1-UC-20.cnf,120,300,1.15,1.15,1.24,1.35,1.39
301,or-60-5-9-UC-40.cnf,120,300,0.19,0.18,0.22,0.27,0.26
302,or-60-10-9-UC-40.cnf,120,300,0.19,0.19,0.22,0.28,0.30
303,or-60-20-5-UC-30.cnf,120,300,27.39,27.09,26.79,26.88,26.79
304,or-60-5-6-UC-20.cnf,120,300,0.18,0.21,0.25,0.29,0.31
305,or-60-10-7-UC-40.cnf,120,300,0.20,0.25,0.20,0.26,0.27
306,or-60-5-1-UC-10.cnf,120,300,1.55,1.57,1.65,1.77,1.84
307,or-60-20-9-UC-20.cnf,120,300,0.40,0.40,0.46,0.53,0.59
308,or-60-20-10-UC-40.cnf,120,300,0.35,0.40,0.43,0.50,0.55
309,or-60-20-3-UC-40.cnf,120,300,0.25,0.26,0.27,0.33,0.36
310,or-60-5-6.cnf,120,300,MO,MO,MO,MO,MO
311,or-60-5-6-UC-10.cnf,120,300,13.71,13.82,13.82,14.00,14.02
312,or-60-5-8-UC-30.cnf,120,300,0.19,0.24,0.22,0.29,0.32
313,or-60-10-6.cnf,120,300,MO,MO,MO,MO,MO
314,or-60-5-6-UC-30.cnf,120,300,0.18,0.20,0.23,0.27,0.27
315,or-60-20-1-UC-30.cnf,120,300,0.38,0.40,0.42,0.52,0.52
316,or-60-10-10-UC-30.cnf,120,300,0.26,0.23,0.26,0.33,0.35
317,or-60-20-6.cnf,120,300,MO,MO,MO,MO,MO
318,or-60-10-4-UC-10.cnf,120,300,16.55,16.33,16.72,16.88,16.87
319,or-60-20-3.cnf,120,300,MO,MO,MO,MO,MO
320,or-60-20-3-UC-30.cnf,120,300,0.51,0.50,0.55,0.61,0.69
321,or-60-5-3-UC-40.cnf,120,300,0.19,0.20,0.21,0.24,0.28
322,or-60-10-4.cnf,120,300,MO,MO,MO,MO,MO
323,or-60-5-7-UC-10.cnf,120,300,2.53,2.52,2.59,2.72,2.72
324,or-60-20-5.cnf,120,300,MO,MO,MO,MO,MO
325,or-60-5-4-UC-20.cnf,120,300,0.19,0.21,0.21,0.27,0.29
326,or-60-5-8-UC-40.cnf,120,300,0.18,0.18,0.19,0.23,0.26
327,or-60-20-9.cnf,120,300,MO,MO,MO,MO,MO
328,or-60-20-7-UC-20.cnf,120,300,255.88,255.10,255.67,257.13,258.20
329,or-60-10-5-UC-10.cnf,120,300,4.33,4.32,4.40,4.54,4.65
330,or-60-20-9-UC-40.cnf,120,300,0.25,0.24,0.26,0.30,0.28
331,or-60-10-1-UC-40.cnf,120,300,0.39,0.42,0.45,0.50,0.54
332,or-60-5-2-UC-10.cnf,120,300,9.11,9.30,9.46,9.41,9.57
333,or-60-5-6-UC-40.cnf,120,300,0.18,0.19,0.20,0.26,0.28
334,or-60-20-10-UC-30.cnf,120,300,0.79,0.82,0.86,0.96,1.01
335,or-60-20-1-UC-10.cnf,120,300,252.20,253.67,254.05,254.87,255.56
336,or-60-5-9-UC-20.cnf,120,300,0.27,0.31,0.36,0.42,0.42
337,or-60-10-7.cnf,120,300,MO,MO,MO,MO,MO
338,or-60-5-5-UC-40.cnf,120,300,0.18,0.19,0.21,0.25,0.29
339,or-60-5-9-UC-30.cnf,120,300,0.17,0.18,0.27,0.27,0.33
340,or-60-10-2-UC-20.cnf,120,300,8.60,8.89,9.04,8.86,9.13
341,or-60-20-8-UC-30.cnf,120,300,0.21,0.23,0.25,0.29,0.34
342,or-60-5-9.cnf,120,300,MO,MO,MO,MO,MO
343,or-60-10-1.cnf,120,300,MO,MO,MO,MO,MO
344,or-60-5-5-UC-10.cnf,120,300,7.13,7.12,7.32,7.45,7.44
345,or-60-20-3-UC-20.cnf,120,300,0.82,0.84,0.91,0.99,1.12
346,or-60-5-8-UC-10.cnf,120,300,135.44,136.28,134.34,136.27,134.40
347,or-60-5-7-UC-20.cnf,120,300,0.33,0.32,0.37,0.45,0.47
348,or-60-10-9-UC-30.cnf,120,300,0.17,0.20,0.23,0.26,0.28
349,or-60-10-9.cnf,120,300,MO,MO,MO,MO,MO
350,or-60-10-9-UC-20.cnf,120,300,0.28,0.31,0.34,0.42,0.45
351,or-60-20-4-UC-20.cnf,120,300,66.37,66.23,65.08,65.15,65.47
352,or-60-5-10.cnf,120,300,MO,MO,MO,MO,MO
353,or-60-20-4-UC-30.cnf,120,300,6.49,6.44,6.80,6.51,6.64
354,2bitcomp_5.cnf,125,310,2.45,2.47,2.59,2.82,2.81
355,blasted_case22.cnf,126,411,0.26,0.26,0.29,0.33,0.36
356,blasted_case21.cnf,126,411,0.30,0.29,0.43,0.51,0.52
357,blasted_case53.cnf,132,395,0.23,0.24,0.27,0.32,0.35
358,blasted_case52.cnf,132,395,0.24,0.26,0.30,0.34,0.35
359,blasted_case51.cnf,132,395,0.26,0.28,0.30,0.34,0.38
360,blasted_case124.cnf,133,386,0.31,0.31,0.34,0.41,0.42
361,blasted_case112.cnf,137,520,0.25,0.27,0.32,0.37,0.36
362,or-70-5-7-UC-30.cnf,140,350,0.21,0.26,0.27,0.32,0.35
363,or-70-5-1-UC-40.cnf,140,350,0.16,0.18,0.20,0.27,0.29
364,or-70-20-7-UC-30.cnf,140,350,0.76,0.78,0.85,0.95,0.99
365,or-70-20-2-UC-40.cnf,140,350,0.40,0.42,0.45,0.52,0.56
366,or-70-5-10-UC-40.cnf,140,350,0.18,0.21,0.25,0.28,0.32
367,or-70-5-1-UC-30.cnf,140,350,0.19,0.18,0.21,0.27,0.29
368,or-70-5-2-UC-30.cnf,140,350,0.25,0.22,0.25,0.28,0.32
369,or-70-10-5.cnf,140,350,MO,MO,MO,MO,MO
370,or-70-20-4-UC-40.cnf,140,350,0.21,0.22,0.25,0.30,0.33
371,or-70-5-8-UC-20.cnf,140,350,3.38,3.46,3.57,3.79,3.96
372,or-70-20-9-UC-10.cnf,140,350,6.36,6.44,6.57,6.63,6.71
373,or-70-20-3-UC-20.cnf,140,350,380.03,378.67,372.08,373.10,375.96
374,or-70-10-1-UC-30.cnf,140,350,0.32,0.34,0.38,0.46,0.51
375,or-70-5-4-UC-10.cnf,140,350,269.17,271.92,261.84,265.67,259.84
376,or-70-20-6-UC-40.cnf,140,350,0.21,0.21,0.23,0.30,0.33
377,or-70-20-9-UC-40.cnf,140,350,0.17,0.17,0.22,0.27,0.30
378,or-70-5-3-UC-30.cnf,140,350,0.22,0.21,0.28,0.32,0.34
379,or-70-20-4-UC-10.cnf,140,350,MO,MO,MO,MO,MO
380,or-70-5-7-UC-20.cnf,140,350,2.07,2.13,2.22,2.39,2.45
381,or-70-20-5-UC-20.cnf,140,350,345.15,345.27,346.15,343.77,346.74
382,or-70-5-8.cnf,140,350,TO,TO,TO,TO,TO
383,or-70-10-5-UC-40.cnf,140,350,0.20,0.19,0.24,0.26,0.32
384,or-70-5-9-UC-20.cnf,140,350,0.28,0.31,0.35,0.40,0.45
385,or-70-10-10-UC-20.cnf,140,350,1.73,1.78,1.86,1.99,2.09
386,or-70-10-5-UC-10.cnf,140,350,285.09,286.35,284.93,285.85,282.49
387,or-70-10-7-UC-10.cnf,140,350,MO,MO,MO,MO,MO
388,or-70-5-4-UC-30.cnf,140,350,1.16,1.21,1.28,1.48,1.59
389,or-70-5-3-UC-10.cnf,140,350,0.41,0.44,0.51,0.62,0.65
390,or-70-5-3-UC-40.cnf,140,350,0.19,0.22,0.20,0.29,0.30
391,or-70-20-3-UC-40.cnf,140,350,0.86,0.90,0.97,1.05,1.09
392,or-70-10-3-UC-20.cnf,140,350,0.86,0.87,0.97,1.07,1.12
393,or-70-20-6-UC-30.cnf,140,350,0.23,0.26,0.27,0.33,0.35
394,or-70-5-6-UC-10.cnf,140,350,MO,MO,MO,MO,MO
395,or-70-10-8-UC-10.cnf,140,350,10.25,10.62,10.66,10.67,10.66
396,or-70-20-7-UC-20.cnf,140,350,133.86,131.73,131.58,132.33,131.59
397,or-70-10-4-UC-10.cnf,140,350,MO,MO,MO,MO,MO
398,or-70-10-7.cnf,140,350,TO,TO,TO,TO,TO
399,or-70-20-10-UC-40.cnf,140,350,1.24,1.25,1.34,1.46,1.45
400,or-70-5-6-UC-20.cnf,140,350,4.00,4.05,4.10,4.31,4.39
401,or-70-10-10-UC-30.cnf,140,350,0.19,0.18,0.22,0.26,0.29
402,or-70-10-4-UC-40.cnf,140,350,0.49,0.52,0.55,0.65,0.74
403,or-70-10-1.cnf,140,350,MO,MO,MO,MO,MO
404,or-70-5-6-UC-40.cnf,140,350,0.17,0.20,0.23,0.26,0.28
405,or-70-20-10-UC-10.cnf,140,350,TO,TO,TO,TO,TO
406,or-70-10-10-UC-10.cnf,140,350,536.71,529.39,540.84,535.07,531.73
407,or-70-20-3-UC-30.cnf,140,350,44.01,44.82,44.59,44.06,44.84
408,or-70-20-8-UC-10.cnf,140,350,MO,MO,MO,MO,MO
409,or-70-10-7-UC-30.cnf,140,350,0.50,0.51,0.60,0.64,0.70
410,or-70-5-2.cnf,140,350,MO,MO,MO,MO,MO
411,or-70-10-7-UC-20.cnf,140,350,19.17,18.96,19.48,19.60,19.49
412,or-70-5-1-UC-10.cnf,140,350,78.62,79.35,79.72,79.34,78.65
413,or-70-20-7-UC-10.cnf,140,350,336.23,335.05,335.99,337.88,340.39
414,or-70-5-5-UC-30.cnf,140,350,0.19,0.20,0.22,0.29,0.31
415,or-70-20-8.cnf,140,350,MO,MO,MO,MO,MO
416,or-70-20-2-UC-30.cnf,140,350,7.59,7.76,7.86,7.83,7.92
417,or-70-5-6.cnf,140,350,TO,TO,TO,TO,TO
418,or-70-5-3.cnf,140,350,MO,MO,MO,MO,MO
419,or-70-20-1.cnf,140,350,TO,TO,TO,TO,TO
420,or-70-20-5.cnf,140,350,MO,MO,MO,MO,MO
421,or-70-5-4.cnf,140,350,MO,MO,MO,MO,MO
422,or-70-5-2-UC-20.cnf,140,350,2.51,2.57,2.65,2.77,2.86
423,or-70-20-2-UC-20.cnf,140,350,58.41,57.32,58.82,60.64,59.20
424,or-70-20-8-UC-30.cnf,140,350,25.53,25.66,25.52,25.86,25.85
425,or-70-20-2.cnf,140,350,MO,MO,MO,MO,MO
426,or-70-5-5.cnf,140,350,TO,TO,TO,TO,TO
427,or-70-5-1-UC-20.cnf,140,350,0.25,0.25,0.25,0.33,0.36
428,or-70-20-1-UC-10.cnf,140,350,68.02,67.39,68.82,68.75,69.13
429,or-70-5-2-UC-40.cnf,140,350,0.18,0.26,0.32,0.30,0.31
430,or-70-10-6-UC-40.cnf,140,350,0.16,0.19,0.23,0.27,0.28
431,or-70-5-2-UC-10.cnf,140,350,181.90,181.72,177.98,178.46,183.97
432,or-70-5-8-UC-40.cnf,140,350,0.19,0.20,0.21,0.28,0.30
433,or-70-20-2-UC-10.cnf,140,350,185.77,184.52,183.24,183.14,182.66
434,or-70-10-8-UC-20.cnf,140,350,0.24,0.26,0.28,0.37,0.38
435,or-70-5-9-UC-10.cnf,140,350,1.44,1.48,1.59,1.74,1.78
436,or-70-10-1-UC-20.cnf,140,350,0.48,0.53,0.57,0.68,0.73
437,or-70-10-10-UC-40.cnf,140,350,0.19,0.20,0.22,0.26,0.30
438,or-70-20-1-UC-20.cnf,140,350,4.69,4.61,4.71,4.82,5.04
439,or-70-20-5-UC-10.cnf,140,350,MO,MO,MO,MO,MO
440,or-70-20-1-UC-40.cnf,140,350,1.86,1.91,1.99,2.11,2.18
441,or-70-10-2-UC-20.cnf,140,350,5.45,5.54,5.52,5.70,5.73
442,or-70-10-6-UC-10.cnf,140,350,168.96,167.63,169.53,170.00,169.48
443,or-70-20-5-UC-40.cnf,140,350,0.86,0.89,0.97,1.06,1.11
444,or-70-10-2.cnf,140,350,TO,TO,TO,TO,TO
445,or-70-5-10-UC-20.cnf,140,350,1.42,1.39,1.46,1.60,1.69
446,or-70-10-2-UC-40.cnf,140,350,0.22,0.22,0.26,0.35,0.34
447,or-70-10-6-UC-30.cnf,140,350,0.26,0.25,0.28,0.35,0.36
448,or-70-5-10.cnf,140,350,MO,MO,MO,MO,MO
449,or-70-20-10-UC-30.cnf,140,350,115.95,116.16,114.64,117.12,116.77
450,or-70-10-4-UC-20.cnf,140,350,334.65,336.39,335.33,335.29,337.99
451,or-70-20-8-UC-40.cnf,140,350,1.48,1.51,1.55,1.67,1.73
452,or-70-20-6-UC-20.cnf,140,350,3.69,3.68,3.77,3.91,4.09
453,or-70-20-3-UC-10.cnf,140,350,MO,MO,MO,MO,MO
454,or-70-10-1-UC-10.cnf,140,350,30.86,31.21,31.31,31.61,31.91
455,or-70-10-9-UC-10.cnf,140,350,8.77,8.87,9.02,9.13,9.24
456,or-70-5-4-UC-40.cnf,140,350,0.18,0.19,0.21,0.26,0.31
457,or-70-5-3-UC-20.cnf,140,350,0.19,0.20,0.23,0.28,0.33
458,or-70-20-1-UC-30.cnf,140,350,6.18,6.55,6.30,6.60,6.69
459,or-70-10-3-UC-40.cnf,140,350,0.16,0.18,0.21,0.27,0.29
460,or-70-5-4-UC-20.cnf,140,350,5.44,5.32,5.43,5.48,5.59
461,or-70-5-1.cnf,140,350,MO,MO,MO,MO,MO
462,or-70-5-5-UC-10.cnf,140,350,16.08,16.54,16.24,16.23,16.68
463,or-70-10-3.cnf,140,350,TO,TO,TO,TO,TO
464,or-70-10-9.cnf,140,350,MO,MO,MO,MO,MO
465,or-70-5-5-UC-20.cnf,140,350,5.26,5.29,5.44,5.62,5.65
466,or-70-10-9-UC-40.cnf,140,350,0.25,0.26,0.27,0.36,0.38
467,or-70-10-10.cnf,140,350,TO,TO,TO,TO,TO
468,or-70-5-7.cnf,140,350,MO,MO,MO,MO,MO
469,or-70-10-1-UC-40.cnf,140,350,0.19,0.21,0.23,0.27,0.30
470,or-70-20-10-UC-20.cnf,140,350,MO,MO,MO,MO,MO
471,or-70-20-8-UC-20.cnf,140,350,MO,MO,MO,MO,MO
472,or-70-10-8.cnf,140,350,TO,TO,TO,TO,TO
473,or-70-5-10-UC-30.cnf,140,350,0.30,0.33,0.37,0.43,0.46
474,or-70-10-9-UC-30.cnf,140,350,0.32,0.36,0.42,0.51,0.54
475,or-70-20-4-UC-20.cnf,140,350,TO,TO,TO,TO,TO
476,or-70-10-8-UC-30.cnf,140,350,0.19,0.18,0.22,0.28,0.31
477,or-70-5-8-UC-30.cnf,140,350,0.18,0.18,0.21,0.29,0.33
478,or-70-10-2-UC-30.cnf,140,350,0.28,0.35,0.36,0.44,0.44
479,or-70-10-5-UC-20.cnf,140,350,1.31,1.34,1.42,1.56,1.63
480,or-70-20-6-UC-10.cnf,140,350,538.07,538.12,540.20,541.28,539.37
481,or-70-5-5-UC-40.cnf,140,350,0.18,0.19,0.21,0.28,0.31
482,or-70-20-6.cnf,140,350,TO,TO,TO,TO,TO
483,or-70-5-9-UC-40.cnf,140,350,0.18,0.19,0.22,0.27,0.29
484,or-70-20-4-UC-30.cnf,140,350,0.64,0.69,0.71,0.81,0.85
485,or-70-5-8-UC-10.cnf,140,350,47.35,48.04,47.98,48.02,48.24
486,or-70-10-4-UC-30.cnf,140,350,115.25,114.69,113.32,113.97,116.00
487,or-70-10-6.cnf,140,350,MO,MO,MO,MO,MO
488,or-70-5-9-UC-30.cnf,140,350,0.19,0.19,0.21,0.28,0.30
489,or-70-5-6-UC-30.cnf,140,350,0.28,0.28,0.33,0.38,0.42
490,or-70-10-3-UC-30.cnf,140,350,0.19,0.20,0.19,0.27,0.32
491,or-70-5-7-UC-10.cnf,140,350,182.73,185.45,183.83,184.74,183.77
492,or-70-10-8-UC-40.cnf,140,350,0.18,0.21,0.24,0.27,0.30
493,or-70-20-7.cnf,140,350,TO,TO,TO,TO,TO
494,or-70-20-9-UC-20.cnf,140,350,0.27,0.31,0.36,0.42,0.45
495,or-70-10-6-UC-20.cnf,140,350,4.33,4.40,4.49,4.65,4.66
496,or-70-20-9.cnf,140,350,TO,TO,TO,TO,TO
497,or-70-10-7-UC-40.cnf,140,350,0.27,0.29,0.38,0.42,0.42
498,or-70-10-5-UC-30.cnf,140,350,0.23,0.25,0.27,0.35,0.37
499,or-70-20-7-UC-40.cnf,140,350,0.42,0.45,0.47,0.53,0.63
500,or-70-5-10-UC-10.cnf,140,350,53.24,53.66,52.46,53.23,53.24
501,or-70-20-10.cnf,140,350,TO,TO,TO,TO,TO
502,or-70-10-2-UC-10.cnf,140,350,TO,TO,TO,TO,TO
503,or-70-10-4.cnf,140,350,MO,MO,MO,MO,MO
504,or-70-10-9-UC-20.cnf,140,350,0.32,0.36,0.36,0.48,0.49
505,or-70-10-3-UC-10.cnf,140,350,11.10,11.03,11.09,11.70,11.82
506,or-70-5-7-UC-40.cnf,140,350,0.18,0.18,0.20,0.27,0.30
507,or-70-20-9-UC-30.cnf,140,350,0.21,0.25,0.29,0.33,0.38
508,or-70-20-5-UC-30.cnf,140,350,27.36,27.62,27.86,27.76,27.95
509,or-70-20-3.cnf,140,350,TO,TO,TO,TO,TO
510,or-70-20-4.cnf,140,350,TO,TO,TO,TO,TO
511,or-70-5-9.cnf,140,350,TO,TO,TO,TO,TO
512,blasted_case38.cnf,143,568,0.32,0.26,0.37,0.39,0.43
513,blasted_case55.cnf,149,442,0.22,0.26,0.28,0.33,0.34
514,blasted_case8.cnf,160,525,0.40,0.43,0.48,0.56,0.57
515,4step.cnf,165,418,0.30,0.31,0.34,0.43,0.38
516,blasted_case105.cnf,170,407,0.35,0.40,0.38,0.58,0.65
517,blasted_case44.cnf,173,651,0.37,0.39,0.45,0.53,0.56
518,blasted_case5.cnf,176,518,0.42,0.45,0.53,0.59,0.63
519,blasted_case46.cnf,176,660,0.41,0.42,0.47,0.55,0.58
520,5step.cnf,177,475,0.28,0.30,0.39,0.50,0.60
521,blasted_case68.cnf,178,553,2.46,2.50,2.46,2.78,2.80
522,ais10.cnf,181,3151,2.79,2.81,2.86,2.94,2.97
523,blasted_case1.cnf,187,681,0.31,0.36,0.41,0.44,0.47
524,s400.bench.cnf,189,486,0.30,0.35,0.40,0.55,0.54
525,bugsynthesisc2.cnf,190,219,0.22,0.24,0.31,0.35,0.37
526,20_rd_r45.cnf,190,20349,MO,MO,MO,MO,MO
527,bugsynthesisnc28.cnf,190,248,0.20,0.21,0.24,0.30,0.37
528,bugsynthesisnc26.cnf,190,248,0.30,0.24,0.29,0.38,0.43
529,bugsynthesisnc27.cnf,190,248,0.24,0.24,0.29,0.41,0.41
530,c432.isc.cnf,196,514,0.62,0.64,0.71,0.84,0.86
531,s344_3_2.cnf,197,464,0.38,0.42,0.49,0.57,0.62
532,s349_3_2.cnf,198,469,0.42,0.32,0.37,0.44,0.50
533,or-100-5-8-UC-20.cnf,200,500,24.80,24.28,24.19,24.72,25.13
534,or-100-10-5-UC-40.cnf,200,500,0.55,0.58,0.65,0.81,0.85
535,or-100-10-9-UC-50.cnf,200,500,0.30,0.33,0.37,0.47,0.51
536,or-100-10-3-UC-20.cnf,200,500,TO,TO,TO,TO,TO
537,or-100-5-5-UC-20.cnf,200,500,60.39,61.16,60.57,60.81,61.60
538,or-100-10-1-UC-30.cnf,200,500,0.30,0.29,0.37,0.45,0.48
539,or-100-10-4-UC-20.cnf,200,500,369.11,370.58,374.92,369.92,368.29
540,or-100-20-8-UC-30.cnf,200,500,699.66,692.34,694.50,698.20,TO
541,or-100-10-5-UC-60.cnf,200,500,0.20,0.21,0.25,0.31,0.35
542,or-100-20-1.cnf,200,500,MO,MO,MO,MO,MO
543,or-100-10-3-UC-60.cnf,200,500,0.17,0.19,0.22,0.32,0.38
544,or-100-10-10-UC-20.cnf,200,500,1.37,1.36,1.48,1.68,1.73
545,blasted_case201.cnf,200,544,0.30,0.32,0.36,0.44,0.53
546,or-100-10-7-UC-60.cnf,200,500,0.20,0.22,0.24,0.31,0.36
547,or-100-20-6-UC-60.cnf,200,500,0.19,0.19,0.23,0.31,0.36
548,or-100-10-9-UC-20.cnf,200,500,MO,MO,MO,MO,MO
549,or-100-10-1-UC-60.cnf,200,500,0.20,0.22,0.26,0.31,0.35
550,or-100-5-6-UC-60.cnf,200,500,0.17,0.18,0.22,0.32,0.34
551,or-100-20-10-UC-60.cnf,200,500,0.41,0.43,0.50,0.61,0.66
552,or-100-10-7-UC-50.cnf,200,500,0.23,0.25,0.30,0.36,0.39
553,or-100-10-8.cnf,200,500,MO,MO,MO,MO,MO
554,or-100-10-8-UC-50.cnf,200,500,0.22,0.24,0.29,0.36,0.39
555,or-100-10-5-UC-20.cnf,200,500,204.24,204.90,203.02,202.89,203.14
556,or-100-20-6.cnf,200,500,TO,TO,TO,TO,TO
557,or-100-5-2-UC-20.cnf,200,500,75.30,74.72,75.14,75.32,75.16
558,or-100-20-2-UC-40.cnf,200,500,0.80,0.87,0.98,1.07,1.16
559,or-100-5-1-UC-40.cnf,200,500,0.23,0.25,0.26,0.33,0.36
560,or-100-10-2-UC-20.cnf,200,500,131.28,129.41,128.34,130.65,129.97
561,or-100-10-4.cnf,200,500,TO,TO,TO,TO,TO
562,or-100-5-1-UC-20.cnf,200,500,3.05,3.05,3.18,3.36,3.47
563,or-100-5-9-UC-60.cnf,200,500,0.20,0.22,0.23,0.33,0.37
564,or-100-5-4-UC-30.cnf,200,500,1.16,1.17,1.28,1.45,1.56
565,or-100-10-6-UC-50.cnf,200,500,0.21,0.21,0.24,0.35,0.37
566,or-100-10-6-UC-30.cnf,200,500,1.72,1.75,1.82,2.04,2.12
567,or-100-10-9-UC-60.cnf,200,500,0.23,0.24,0.29,0.35,0.42
568,or-100-5-3-UC-20.cnf,200,500,0.35,0.40,0.47,0.59,0.63
569,or-100-10-5.cnf,200,500,TO,TO,TO,TO,TO
570,or-100-5-6-UC-40.cnf,200,500,0.24,0.22,0.31,0.37,0.39
571,or-100-20-3-UC-20.cnf,200,500,MO,MO,MO,MO,MO
572,or-100-10-9.cnf,200,500,MO,MO,MO,MO,MO
573,or-100-20-1-UC-30.cnf,200,500,MO,MO,MO,MO,MO
574,or-100-10-2-UC-50.cnf,200,500,0.23,0.21,0.27,0.35,0.39
575,or-100-5-2-UC-30.cnf,200,500,2.52,2.60,2.66,2.81,2.84
576,or-100-5-1-UC-60.cnf,200,500,0.19,0.20,0.24,0.34,0.39
577,or-100-20-3-UC-30.cnf,200,500,MO,MO,MO,MO,MO
578,or-100-10-1-UC-10.cnf,200,500,MO,MO,MO,MO,MO
579,or-100-10-10-UC-30.cnf,200,500,0.34,0.43,0.41,0.53,0.57
580,or-100-5-3.cnf,200,500,MO,MO,MO,MO,MO
581,or-100-10-9-UC-30.cnf,200,500,80.45,79.96,79.72,80.68,81.40
582,or-100-5-1.cnf,200,500,TO,TO,TO,TO,TO
583,or-100-10-5-UC-30.cnf,200,500,16.84,17.07,17.34,17.27,17.60
584,or-100-10-6.cnf,200,500,MO,MO,MO,MO,MO
585,or-100-10-7-UC-10.cnf,200,500,MO,MO,MO,MO,MO
586,or-100-5-4-UC-60.cnf,200,500,0.18,0.22,0.27,0.32,0.35
587,or-100-20-4-UC-50.cnf,200,500,1.16,1.18,1.27,1.41,1.48
588,or-100-10-1-UC-50.cnf,200,500,0.20,0.21,0.27,0.31,0.36
589,or-100-20-9-UC-50.cnf,200,500,0.20,0.24,0.27,0.33,0.36
590,or-100-20-3-UC-10.cnf,200,500,MO,MO,MO,MO,MO
591,or-100-10-2-UC-10.cnf,200,500,MO,MO,MO,MO,MO
592,or-100-20-1-UC-20.cnf,200,500,MO,MO,MO,MO,MO
593,or-100-5-5-UC-60.cnf,200,500,0.20,0.21,0.25,0.33,0.36
594,or-100-20-2-UC-20.cnf,200,500,MO,MO,MO,MO,MO
595,or-100-10-9-UC-40.cnf,200,500,6.45,6.35,6.43,6.64,6.63
596,or-100-20-1-UC-60.cnf,200,500,0.23,0.23,0.26,0.34,0.41
597,or-100-5-3-UC-10.cnf,200,500,129.76,128.19,132.17,130.15,131.20
598,or-100-5-1-UC-50.cnf,200,500,0.18,0.20,0.26,0.32,0.33
599,or-100-5-2-UC-40.cnf,200,500,0.32,0.37,0.41,0.51,0.56
600,or-100-10-8-UC-20.cnf,200,500,94.96,95.07,94.01,95.85,94.03
601,or-100-20-6-UC-30.cnf,200,500,88.47,85.31,85.45,82.97,83.73
602,or-100-20-2-UC-60.cnf,200,500,211.27,207.09,207.08,205.97,207.00
603,or-100-20-4-UC-40.cnf,200,500,36.00,36.78,36.49,36.36,37.10
604,or-100-5-7-UC-20.cnf,200,500,102.43,101.35,102.00,101.82,103.48
605,or-100-5-3-UC-40.cnf,200,500,0.23,0.22,0.29,0.35,0.41
606,or-100-20-7-UC-60.cnf,200,500,0.26,0.25,0.30,0.41,0.44
607,or-100-20-9-UC-20.cnf,200,500,MO,MO,MO,MO,MO
608,or-100-10-10-UC-40.cnf,200,500,0.17,0.20,0.25,0.32,0.37
609,or-100-5-9-UC-10.cnf,200,500,MO,MO,MO,MO,MO
610,or-100-20-9-UC-40.cnf,200,500,0.25,0.25,0.31,0.40,0.42
611,or-100-5-4-UC-10.cnf,200,500,TO,TO,TO,TO,TO
612,or-100-5-6-UC-20.cnf,200,500,1.15,1.20,1.28,1.45,1.50
613,or-100-5-9.cnf,200,500,TO,TO,TO,TO,TO
614,or-100-5-10-UC-50.cnf,200,500,0.18,0.19,0.23,0.30,0.34
615,or-100-20-8.cnf,200,500,TO,TO,TO,TO,TO
616,or-100-10-3-UC-10.cnf,200,500,MO,MO,MO,MO,MO
617,or-100-10-2-UC-60.cnf,200,500,0.16,0.17,0.19,0.27,0.30
618,or-100-20-10-UC-50.cnf,200,500,1.71,1.76,1.88,2.04,2.10
619,or-100-20-4-UC-10.cnf,200,500,TO,TO,TO,TO,TO
620,or-100-5-5.cnf,200,500,TO,TO,TO,TO,TO
621,or-100-10-4-UC-50.cnf,200,500,0.20,0.21,0.25,0.32,0.36
622,or-100-20-5-UC-30.cnf,200,500,235.54,239.30,237.95,241.04,236.80
623,or-100-20-2-UC-10.cnf,200,500,MO,MO,MO,MO,MO
624,or-100-5-8-UC-40.cnf,200,500,0.20,0.21,0.24,0.33,0.36
625,or-100-20-8-UC-50.cnf,200,500,0.61,0.70,0.70,0.82,0.90
626,or-100-20-7-UC-20.cnf,200,500,MO,MO,MO,MO,MO
627,or-100-20-10-UC-20.cnf,200,500,MO,MO,MO,MO,MO
628,or-100-10-7-UC-40.cnf,200,500,0.70,0.74,0.84,0.97,1.02
629,or-100-5-4-UC-20.cnf,200,500,MO,MO,MO,MO,MO
630,or-100-10-3.cnf,200,500,TO,TO,TO,TO,TO
631,or-100-20-3.cnf,200,500,MO,MO,MO,MO,MO
632,or-100-10-6-UC-40.cnf,200,500,0.26,0.29,0.30,0.39,0.46
633,or-100-5-10-UC-40.cnf,200,500,0.19,0.19,0.23,0.31,0.33
634,or-100-10-2.cnf,200,500,MO,MO,MO,MO,MO
635,or-100-20-7-UC-30.cnf,200,500,51.10,51.17,51.51,51.90,51.40
636,or-100-20-5.cnf,200,500,TO,TO,TO,TO,TO
637,or-100-20-4-UC-20.cnf,200,500,TO,TO,TO,TO,TO
638,or-100-5-8-UC-50.cnf,200,500,0.17,0.22,0.24,0.33,0.35
639,or-100-20-9-UC-30.cnf,200,500,72.41,71.63,71.35,71.37,71.67
640,or-100-20-7-UC-40.cnf,200,500,81.47,82.61,82.23,82.57,82.81
641,or-100-5-4-UC-50.cnf,200,500,0.22,0.21,0.28,0.35,0.40
642,or-100-20-5-UC-10.cnf,200,500,MO,MO,MO,MO,MO
643,or-100-20-8-UC-60.cnf,200,500,0.30,0.30,0.35,0.44,0.50
644,or-100-20-8-UC-10.cnf,200,500,MO,MO,MO,MO,MO
645,or-100-20-8-UC-20.cnf,200,500,MO,MO,MO,MO,MO
646,or-100-10-4-UC-30.cnf,200,500,1.81,1.84,1.96,2.14,2.30
647,or-100-5-5-UC-40.cnf,200,500,0.23,0.28,0.32,0.39,0.43
648,or-100-5-8.cnf,200,500,MO,MO,MO,MO,MO
649,or-100-10-1-UC-40.cnf,200,500,0.26,0.30,0.27,0.34,0.40
650,or-100-5-7-UC-10.cnf,200,500,MO,MO,MO,MO,MO
651,or-100-5-9-UC-20.cnf,200,500,16.44,16.55,16.68,16.88,17.02
652,or-100-5-9-UC-50.cnf,200,500,0.19,0.22,0.23,0.33,0.35
653,or-100-20-2-UC-50.cnf,200,500,MO,MO,MO,MO,MO
654,or-100-5-10.cnf,200,500,MO,MO,MO,MO,MO
655,or-100-20-5-UC-60.cnf,200,500,0.22,0.23,0.28,0.35,0.39
656,or-100-10-8-UC-60.cnf,200,500,0.21,0.21,0.25,0.32,0.35
657,or-100-20-1-UC-50.cnf,200,500,0.22,0.26,0.29,0.36,0.44
658,or-100-20-4.cnf,200,500,MO,MO,MO,MO,MO
659,or-100-20-6-UC-20.cnf,200,500,MO,MO,MO,MO,MO
660,or-100-20-9-UC-60.cnf,200,500,0.21,0.19,0.23,0.32,0.34
661,or-100-10-4-UC-40.cnf,200,500,0.34,0.36,0.40,0.49,0.53
662,or-100-20-9-UC-10.cnf,200,500,TO,TO,TO,TO,TO
663,or-100-10-5-UC-10.cnf,200,500,MO,MO,MO,MO,MO
664,or-100-5-7-UC-50.cnf,200,500,0.21,0.20,0.26,0.34,0.37
665,or-100-10-1-UC-20.cnf,200,500,6.24,6.20,6.19,6.51,6.70
666,or-100-20-5-UC-20.cnf,200,500,MO,MO,MO,MO,MO
667,or-100-10-2-UC-40.cnf,200,500,0.21,0.22,0.26,0.33,0.37
668,or-100-5-8-UC-10.cnf,200,500,TO,TO,TO,TO,TO
669,or-100-20-6-UC-50.cnf,200,500,1.15,1.18,1.25,1.42,1.50
670,or-100-20-6-UC-10.cnf,200,500,MO,MO,MO,MO,MO
671,or-100-10-6-UC-10.cnf,200,500,MO,MO,MO,MO,MO
672,or-100-10-7.cnf,200,500,MO,MO,MO,MO,MO
673,or-100-20-8-UC-40.cnf,200,500,26.71,26.87,27.13,27.31,27.10
674,or-100-10-1.cnf,200,500,MO,MO,MO,MO,MO
675,or-100-20-6-UC-40.cnf,200,500,5.37,5.42,5.38,5.56,6.00
676,or-100-20-3-UC-60.cnf,200,500,0.17,0.18,0.22,0.29,0.31
677,or-100-10-9-UC-10.cnf,200,500,MO,MO,MO,MO,MO
678,or-100-20-10.cnf,200,500,TO,TO,TO,TO,TO
679,or-100-5-6-UC-50.cnf,200,500,0.17,0.20,0.25,0.32,0.34
680,or-100-10-8-UC-10.cnf,200,500,MO,MO,MO,MO,MO
681,or-100-5-2.cnf,200,500,TO,TO,TO,TO,TO
682,fphp-010-020.cnf,200,2810,TO,TO,TO,TO,TO
683,or-100-5-6-UC-30.cnf,200,500,0.23,0.24,0.27,0.35,0.42
684,or-100-20-4-UC-60.cnf,200,500,0.59,0.63,0.70,0.82,0.86
685,or-100-20-2.cnf,200,500,TO,TO,TO,TO,TO
686,or-100-5-9-UC-40.cnf,200,500,0.19,0.19,0.23,0.32,0.36
687,or-100-20-7-UC-50.cnf,200,500,2.16,2.16,2.26,2.39,2.51
688,blasted_case202.cnf,200,544,0.29,0.32,0.37,0.45,0.51
689,or-100-5-3-UC-60.cnf,200,500,0.21,0.21,0.24,0.34,0.36
690,or-100-10-2-UC-30.cnf,200,500,14.88,14.92,15.01,15.32,15.49
691,or-100-10-6-UC-60.cnf,200,500,0.21,0.21,0.24,0.33,0.36
692,or-100-5-7-UC-40.cnf,200,500,0.21,0.24,0.27,0.35,0.37
693,or-100-10-6-UC-20.cnf,200,500,71.58,72.77,72.69,72.31,73.41
694,or-100-5-8-UC-30.cnf,200,500,0.68,0.74,0.81,0.93,0.99
695,or-100-10-7-UC-30.cnf,200,500,1.79,1.81,1.94,2.07,2.18
696,or-100-20-1-UC-40.cnf,200,500,2.17,2.24,2.39,2.57,2.62
697,or-100-10-8-UC-40.cnf,200,500,0.34,0.39,0.45,0.56,0.60
698,or-100-5-2-UC-10.cnf,200,500,MO,MO,MO,MO,MO
699,or-100-10-10-UC-60.cnf,200,500,0.21,0.26,0.31,0.37,0.35
700,or-100-5-10-UC-30.cnf,200,500,0.23,0.24,0.28,0.35,0.38
701,or-100-20-10-UC-40.cnf,200,500,50.13,49.98,50.42,50.28,50.63
702,or-100-5-5-UC-30.cnf,200,500,1.24,1.32,1.38,1.54,1.61
703,or-100-10-10-UC-50.cnf,200,500,0.19,0.22,0.22,0.38,0.37
704,or-100-20-2-UC-30.cnf,200,500,145.47,142.30,142.57,142.91,142.56
705,or-100-5-3-UC-50.cnf,200,500,0.20,0.23,0.26,0.34,0.38
706,or-100-20-1-UC-10.cnf,200,500,TO,TO,TO,TO,TO
707,or-100-20-10-UC-30.cnf,200,500,222.78,223.57,227.11,227.65,225.24
708,or-100-20-7.cnf,200,500,MO,MO,MO,MO,MO
709,or-100-10-10-UC-10.cnf,200,500,MO,MO,MO,MO,MO
710,or-100-5-5-UC-50.cnf,200,500,0.21,0.22,0.23,0.31,0.36
711,or-100-10-4-UC-10.cnf,200,500,MO,MO,MO,MO,MO
712,or-100-5-7-UC-60.cnf,200,500,0.25,0.23,0.26,0.33,0.40
713,or-100-10-10.cnf,200,500,MO,MO,MO,MO,MO
714,or-100-5-2-UC-50.cnf,200,500,0.20,0.18,0.26,0.33,0.37
715,or-100-20-3-UC-50.cnf,200,500,0.19,0.23,0.27,0.33,0.37
716,or-100-20-5-UC-40.cnf,200,500,2.78,2.91,3.06,3.14,3.27
717,or-100-10-5-UC-50.cnf,200,500,0.23,0.27,0.30,0.40,0.44
718,or-100-5-10-UC-10.cnf,200,500,MO,MO,MO,MO,MO
719,or-100-5-9-UC-30.cnf,200,500,0.29,0.28,0.33,0.45,0.51
720,or-100-5-10-UC-20.cnf,200,500,6.33,6.41,6.49,6.75,6.91
721,or-100-20-5-UC-50.cnf,200,500,0.46,0.47,0.54,0.67,0.70
722,or-100-5-8-UC-60.cnf,200,500,0.19,0.26,0.30,0.35,0.39
723,or-100-10-3-UC-30.cnf,200,500,3.35,3.45,3.51,3.70,3.75
724,or-100-5-7.cnf,200,500,MO,MO,MO,MO,MO
725,or-100-10-4-UC-60.cnf,200,500,0.18,0.20,0.23,0.31,0.34
726,or-100-5-6-UC-10.cnf,200,500,MO,MO,MO,MO,MO
727,or-100-10-3-UC-50.cnf,200,500,0.15,0.18,0.21,0.28,0.32
728,or-100-5-5-UC-10.cnf,200,500,TO,TO,TO,TO,TO
729,or-100-10-7-UC-20.cnf,200,500,129.83,128.81,129.44,132.52,130.87
730,or-100-20-7-UC-10.cnf,200,500,MO,MO,MO,MO,MO
731,or-100-5-1-UC-30.cnf,200,500,0.25,0.29,0.30,0.37,0.44
732,or-100-5-2-UC-60.cnf,200,500,0.16,0.18,0.21,0.28,0.32
733,or-100-5-7-UC-30.cnf,200,500,0.70,0.71,0.79,0.92,1.00
734,or-100-5-10-UC-60.cnf,200,500,0.21,0.20,0.23,0.31,0.35
735,or-100-5-4.cnf,200,500,MO,MO,MO,MO,MO
736,or-100-20-4-UC-30.cnf,200,500,MO,MO,MO,MO,MO
737,or-100-5-6.cnf,200,500,MO,MO,MO,MO,MO
738,or-100-20-3-UC-40.cnf,200,500,109.44,107.07,108.83,108.96,108.53
739,or-100-10-3-UC-40.cnf,200,500,0.22,0.28,0.30,0.36,0.39
740,or-100-5-4-UC-40.cnf,200,500,0.29,0.28,0.35,0.43,0.46
741,or-100-5-3-UC-30.cnf,200,500,0.34,0.34,0.39,0.48,0.53
742,or-100-5-1-UC-10.cnf,200,500,TO,TO,TO,TO,TO
743,or-100-10-8-UC-30.cnf,200,500,6.67,6.74,6.85,7.28,7.31
744,or-100-20-10-UC-10.cnf,200,500,MO,MO,MO,MO,MO
745,or-100-20-9.cnf,200,500,TO,TO,TO,TO,TO
746,blasted_case56.cnf,202,722,0.25,0.29,0.33,0.43,0.45
747,blasted_case54.cnf,203,725,0.52,0.57,0.64,0.76,0.81
748,blasted_case106.cnf,204,509,0.30,0.31,0.39,0.45,0.49
749,s444.bench.cnf,205,533,0.34,0.32,0.37,0.46,0.52
750,s298_3_2.cnf,205,510,0.26,0.27,0.34,0.42,0.45
751,blasted_case108.cnf,205,800,0.44,0.42,0.44,0.55,0.60
752,blasted_case133.cnf,211,615,0.24,0.23,0.26,0.37,0.42
753,blasted_case136.cnf,211,615,0.31,0.34,0.39,0.47,0.53
754,blasted_case205.cnf,214,580,0.36,0.40,0.44,0.58,0.60
755,blasted_case203.cnf,214,580,0.31,0.30,0.35,0.44,0.49
756,blasted_case204.cnf,214,580,0.31,0.34,0.38,0.51,0.54
757,s344_7_4.cnf,215,540,0.29,0.31,0.39,0.48,0.52
758,s349_7_4.cnf,216,545,0.34,0.33,0.40,0.50,0.54
759,s526.bench.cnf,217,638,0.68,0.72,0.78,1.04,1.09
760,s526n.bench.cnf,218,639,1.02,1.12,1.24,1.37,1.45
761,blasted_case146.cnf,219,558,0.36,0.38,0.43,0.54,0.62
762,blasted_case145.cnf,219,558,0.41,0.42,0.50,0.58,0.65
763,bugsynthesisnc5.cnf,221,279,0.25,0.27,0.32,0.42,0.47
764,s298_7_4.cnf,223,586,0.40,0.33,0.38,0.49,0.55
765,bugsynthesisc7.cnf,225,341,0.21,0.27,0.31,0.42,0.43
766,s510.bench.cnf,236,635,0.23,0.23,0.29,0.36,0.40
767,blasted_case135.cnf,236,708,0.25,0.25,0.31,0.38,0.46
768,blasted_case132.cnf,236,708,0.28,0.26,0.31,0.42,0.48
769,blasted_case_3_b14_1.cnf,238,681,0.95,0.96,1.02,1.14,1.29
770,blasted_case_2_b14_1.cnf,238,681,1.03,1.07,1.15,1.26,1.33
771,blasted_case_1_b14_1.cnf,238,681,1.00,1.02,1.12,1.23,1.33
772,sat-grid-pbl-0015.cnf,240,436,TO,TO,TO,TO,TO
773,blasted_case109.cnf,241,915,0.40,0.41,0.48,0.59,0.65
774,c499.isc.cnf,243,714,TO,TO,TO,TO,TO
775,blasted_case41.cnf,245,650,9.11,9.14,9.26,9.30,9.44
776,blasted_case40.cnf,245,650,9.64,9.66,9.63,9.73,9.81
777,blasted_case39.cnf,245,650,9.41,9.44,9.49,9.71,9.69
778,blasted_case14.cnf,247,649,0.59,0.61,0.68,0.75,0.83
779,uf250-040.cnf,250,1065,3.76,3.73,3.81,3.93,3.98
780,uf250-036.cnf,250,1065,4.54,4.53,4.61,4.81,4.90
781,uf250-068.cnf,250,1065,7.20,7.27,7.34,7.41,7.52
782,uf250-057.cnf,250,1065,4.83,4.86,4.99,5.03,5.05
783,uf250-012.cnf,250,1065,8.74,8.92,9.00,9.08,9.18
784,uf250-07.cnf,250,1065,7.35,7.37,7.46,7.56,7.64
785,uf250-05.cnf,250,1065,5.31,5.33,5.39,5.50,5.59
786,uf250-022.cnf,250,1065,5.34,5.39,5.49,5.67,5.78
787,uf250-049.cnf,250,1065,31.50,32.13,32.27,33.05,34.90
788,uf250-018.cnf,250,1065,3.59,3.63,3.66,3.80,3.85
789,uf250-032.cnf,250,1065,8.77,8.74,8.86,9.07,9.10
790,uf250-099.cnf,250,1065,6.52,6.53,6.60,6.72,6.73
791,uf250-064.cnf,250,1065,6.49,6.54,6.62,6.96,7.03
792,uf250-021.cnf,250,1065,610.23,577.13,574.02,588.01,579.76
793,uf250-089.cnf,250,1065,53.03,53.03,52.52,53.60,52.57
794,uf250-06.cnf,250,1065,9.33,9.38,9.42,9.53,9.61
795,uf250-084.cnf,250,1065,15.12,15.13,15.20,15.35,15.42
796,uf250-093.cnf,250,1065,2.69,2.68,2.72,2.81,2.97
797,uf250-050.cnf,250,1065,2.40,2.44,2.50,2.60,2.62
798,uf250-037.cnf,250,1065,45.86,47.52,45.74,46.86,47.15
799,uf250-072.cnf,250,1065,2.68,2.69,2.75,2.84,2.90
800,uf250-070.cnf,250,1065,3.24,3.27,3.31,3.41,3.50
801,uf250-028.cnf,250,1065,3.95,3.96,4.02,4.12,4.22
802,uf250-0100.cnf,250,1065,7.50,7.52,7.63,7.75,7.78
803,uf250-01.cnf,250,1065,64.28,63.69,64.01,63.97,65.31
804,uf250-020.cnf,250,1065,4.93,4.99,5.05,5.23,5.30
805,uf250-086.cnf,250,1065,4.86,4.91,4.92,5.08,5.10
806,uf250-045.cnf,250,1065,2.12,2.15,2.19,2.31,2.35
807,uf250-098.cnf,250,1065,6.79,6.80,6.87,7.07,7.06
808,uf250-015.cnf,250,1065,3.21,3.23,3.29,3.37,3.46
809,uf250-069.cnf,250,1065,7.61,7.64,7.71,7.80,7.88
810,uf250-016.cnf,250,1065,17.70,17.46,19.40,18.21,16.98
811,uf250-046.cnf,250,1065,4.84,4.87,4.95,5.02,5.08
812,uf250-091.cnf,250,1065,72.63,73.52,72.35,73.19,72.18
813,uf250-076.cnf,250,1065,3.48,3.53,3.60,3.77,3.86
814,uf250-079.cnf,250,1065,10.04,10.04,10.11,10.20,10.28
815,uf250-092.cnf,250,1065,4.47,4.51,4.54,4.68,4.73
816,uf250-055.cnf,250,1065,5.49,5.54,5.54,5.71,5.72
817,uf250-094.cnf,250,1065,6.32,6.35,6.36,6.48,6.52
818,uf250-023.cnf,250,1065,7.39,7.42,7.46,7.57,7.62
819,uf250-078.cnf,250,1065,8.64,8.65,8.71,8.89,8.92
820,uf250-031.cnf,250,1065,5.98,5.99,6.06,6.16,6.21
821,uf250-09.cnf,250,1065,2.36,2.34,2.41,2.55,2.59
822,uf250-095.cnf,250,1065,68.21,68.31,65.93,64.10,63.26
823,uf250-029.cnf,250,1065,7.03,7.06,7.15,7.35,7.43
824,uf250-013.cnf,250,1065,3.01,3.01,3.09,3.17,3.22
825,uf250-044.cnf,250,1065,6.14,6.28,6.29,6.43,6.53
826,uf250-065.cnf,250,1065,6.22,6.30,6.28,6.42,6.43
827,uf250-052.cnf,250,1065,3.72,3.73,3.79,3.89,3.95
828,uf250-058.cnf,250,1065,6.54,6.57,6.72,6.85,6.89
829,uf250-073.cnf,250,1065,29.02,28.84,29.89,30.07,30.38
830,uf250-080.cnf,250,1065,3.60,3.61,3.66,3.79,3.81
831,uf250-061.cnf,250,1065,5.85,5.90,6.01,6.20,6.35
832,uf250-082.cnf,250,1065,4.84,4.85,4.92,4.99,5.06
833,uf250-08.cnf,250,1065,7.04,7.10,7.15,7.27,7.36
834,uf250-059.cnf,250,1065,2.44,2.44,2.53,2.67,2.69
835,uf250-063.cnf,250,1065,5.33,5.36,5.45,5.55,5.61
836,uf250-014.cnf,250,1065,4.26,4.31,4.35,4.45,4.50
837,uf250-096.cnf,250,1065,4.25,4.30,4.25,4.41,4.47
838,uf250-041.cnf,250,1065,2.31,2.32,2.38,2.50,2.54
839,uf250-056.cnf,250,1065,10.37,10.39,10.45,10.56,10.59
840,uf250-051.cnf,250,1065,3.65,3.69,3.75,3.84,3.90
841,uf250-025.cnf,250,1065,14.39,14.39,14.05,14.25,14.50
842,uf250-066.cnf,250,1065,17.14,17.12,17.20,17.41,17.46
843,uf250-060.cnf,250,1065,5.57,5.63,5.72,5.86,5.95
844,uf250-019.cnf,250,1065,676.72,651.20,658.15,650.47,658.01
845,uf250-097.cnf,250,1065,2.22,2.26,2.31,2.42,2.47
846,uf250-083.cnf,250,1065,6.22,6.24,6.30,6.40,6.47
847,uf250-087.cnf,250,1065,5.80,5.83,5.92,6.00,6.12
848,uf250-047.cnf,250,1065,8.50,8.53,8.59,8.72,8.78
849,uf250-075.cnf,250,1065,3.76,3.74,3.85,3.96,3.97
850,uf250-039.cnf,250,1065,17.37,17.70,17.26,17.84,17.96
851,uf250-042.cnf,250,1065,11.28,11.32,11.41,11.52,11.66
852,uf250-081.cnf,250,1065,12.19,12.21,12.29,12.43,12.53
853,uf250-074.cnf,250,1065,22.06,22.09,22.36,21.44,19.59
854,uf250-062.cnf,250,1065,3.50,3.52,3.58,3.68,3.73
855,uf250-02.cnf,250,1065,4.70,4.73,4.84,5.02,5.09
856,uf250-04.cnf,250,1065,MO,MO,MO,MO,MO
857,uf250-053.cnf,250,1065,5.08,5.10,5.17,5.46,5.49
858,uf250-033.cnf,250,1065,16.75,16.75,16.84,17.04,17.15
859,uf250-090.cnf,250,1065,3.51,3.56,3.59,3.72,3.78
860,uf250-030.cnf,250,1065,5.08,5.12,5.19,5.29,5.36
861,uf250-038.cnf,250,1065,10.13,10.15,10.19,10.31,10.39
862,uf250-017.cnf,250,1065,2.01,2.01,2.06,2.18,2.24
863,uf250-011.cnf,250,1065,8.60,8.64,8.72,8.87,8.96
864,uf250-034.cnf,250,1065,6.17,6.17,6.26,6.43,6.54
865,uf250-088.cnf,250,1065,8.91,8.85,8.92,9.06,9.10
866,uf250-048.cnf,250,1065,4.11,4.13,4.21,4.33,4.40
867,uf250-085.cnf,250,1065,4.51,4.56,4.59,4.78,4.81
868,uf250-077.cnf,250,1065,2.82,2.93,3.00,3.15,3.22
869,uf250-024.cnf,250,1065,5.51,5.52,5.58,5.68,5.73
870,uf250-054.cnf,250,1065,3.70,3.77,3.84,4.10,4.29
871,uf250-067.cnf,250,1065,2.41,2.43,2.48,2.58,2.65
872,uf250-027.cnf,250,1065,3.82,3.85,3.89,4.06,4.12
873,uf250-071.cnf,250,1065,4.52,4.55,4.65,4.88,4.96
874,uf250-03.cnf,250,1065,3.78,3.72,3.81,3.94,3.98
875,uf250-026.cnf,250,1065,4.52,4.57,4.57,4.66,4.74
876,uf250-043.cnf,250,1065,3.45,3.49,3.58,3.76,3.84
877,uf250-010.cnf,250,1065,4.74,4.82,4.86,4.99,5.06
878,uf250-035.cnf,250,1065,15.45,15.40,15.32,15.69,16.02
879,binsearch.32.pp.cnf,251,1917,57.90,59.20,59.47,58.61,59.30
880,binsearch.16.pp.cnf,251,1925,53.72,53.43,53.94,55.98,56.12
881,bugsynthesisnc29.cnf,252,435,0.33,0.26,0.30,0.43,0.47
882,bugsynthesisnc30.cnf,252,464,0.26,0.26,0.36,0.44,0.49
883,2bitmax_6.cnf,252,766,23.92,24.76,24.91,24.79,23.88
884,s420.1.bench.cnf,252,601,0.26,0.25,0.34,0.50,0.51
885,bugsynthesisnc15.cnf,253,369,0.33,0.25,0.37,0.45,0.53
886,bugsynthesisnc14.cnf,253,369,0.30,0.32,0.38,0.51,0.52
887,23_rd_r45.cnf,253,42504,MO,MO,MO,MO,MO
888,s382_3_2.cnf,263,635,0.39,0.44,0.48,0.62,0.69
889,ais12.cnf,265,5666,333.57,333.65,333.78,333.98,334.07
890,blasted_case123.cnf,267,980,0.42,0.43,0.52,0.64,0.71
891,blasted_case119.cnf,267,787,0.47,0.49,0.56,0.68,0.72
892,blasted_case_2_b14_2.cnf,270,805,0.66,0.66,0.88,0.99,1.06
893,blasted_case_1_b14_2.cnf,270,805,0.59,0.67,0.73,0.86,0.92
894,blasted_case_3_b14_2.cnf,270,805,0.71,0.72,0.79,0.89,1.02
895,blasted_case9.cnf,279,753,0.61,0.66,0.70,0.86,0.90
896,s382_7_4.cnf,281,711,0.35,0.37,0.42,0.56,0.62
897,blasted_case61.cnf,282,753,0.72,0.74,0.81,1.02,0.98
898,3blocks.cnf,283,9690,0.26,0.30,0.33,0.46,0.51
899,blasted_case120.cnf,284,851,0.65,0.66,0.74,0.91,0.97
900,s344_15_7.cnf,284,824,0.34,0.39,0.54,0.58,0.73
901,s349_15_7.cnf,285,829,0.48,0.48,0.60,0.69,0.79
902,blasted_case110.cnf,287,1263,0.42,0.47,0.51,0.68,0.72
903,blasted_case57.cnf,288,1158,0.55,0.58,0.65,0.78,0.84
904,s444_3_2.cnf,290,712,0.40,0.47,0.50,0.62,0.68
905,blasted_case121.cnf,291,975,1.31,1.39,1.47,1.66,1.72
906,blasted_case62.cnf,291,1165,0.47,0.54,0.62,0.80,0.85
907,s298_15_7.cnf,292,870,0.91,0.96,1.29,1.51,1.46
908,blasted_case3.cnf,294,1110,0.43,0.47,0.56,0.68,0.72
909,s420_new1_3_2.cnf,294,694,0.42,0.46,0.53,0.67,0.72
910,s420_new_3_2.cnf,294,694,0.41,0.45,0.51,0.64,0.72
911,s420_3_2.cnf,294,694,0.31,0.36,0.40,0.52,0.56
912,blasted_case15.cnf,296,774,1.78,1.90,2.00,2.23,2.28
913,blasted_case2.cnf,296,1116,0.47,0.50,0.58,0.73,0.79
914,s510_3_2.cnf,298,768,0.25,0.27,0.34,0.47,0.55
915,fphp-015-020.cnf,300,4965,MO,MO,MO,MO,MO
916,ls8-normalized.cnf,301,1603,MO,MO,MO,MO,MO
917,blasted_case126.cnf,302,1129,0.40,0.46,0.52,0.74,0.80
918,blasted_case_3_b14_3.cnf,304,941,0.58,0.64,0.69,0.91,0.99
919,blasted_case_1_b14_3.cnf,304,941,0.52,0.56,0.64,0.76,0.83
920,blasted_case_2_b14_3.cnf,304,941,0.48,0.51,0.61,0.75,0.83
921,blasted_case111.cnf,306,1358,0.34,0.36,0.47,0.59,0.65
922,s444_7_4.cnf,308,788,0.35,0.40,0.48,0.60,0.68
923,blasted_case117.cnf,309,1367,0.38,0.42,0.52,0.66,0.74
924,blasted_case118.cnf,309,1367,0.38,0.42,0.52,0.65,0.72
925,blasted_case113.cnf,309,1367,0.40,0.43,0.47,0.60,0.72
926,mixdup.cnf,309,452,0.24,0.29,0.37,0.60,0.64
927,s832.bench.cnf,310,1056,0.49,0.54,0.61,0.77,0.84
928,s820.bench.cnf,312,1046,0.44,0.48,0.52,0.70,0.78
929,s420_new_7_4.cnf,312,770,0.28,0.32,0.39,0.52,0.55
930,s420_new1_7_4.cnf,312,770,0.41,0.43,0.52,0.64,0.73
931,s420_7_4.cnf,312,770,0.37,0.39,0.49,0.61,0.69
932,polynomial.sk_7_25.cnf,313,1027,0.24,0.28,0.36,0.54,0.60
933,blasted_case122.cnf,314,1258,0.42,0.46,0.60,0.76,0.81
934,bugsynthesisc1.cnf,316,345,0.30,0.32,0.37,0.54,0.60
935,bugsynthesisc9.cnf,316,345,0.19,0.21,0.29,0.44,0.49
936,bugsynthesisc10.cnf,316,345,0.29,0.33,0.35,0.45,0.52
937,s510_7_4.cnf,316,844,0.23,0.26,0.34,0.46,0.52
938,par16-1-c.cnf,317,1264,0.36,0.38,0.44,0.63,0.76
939,par16-4-c.cnf,324,1292,0.35,0.38,0.52,0.83,0.92
940,blasted_case10.cnf,328,878,1.14,1.17,1.28,1.31,1.36
941,blasted_case6.cnf,329,996,0.57,0.61,0.71,0.82,0.86
942,par16-3-c.cnf,334,1332,0.28,0.35,0.46,0.71,0.84
943,blasted_case_1_b11_1.cnf,340,1026,24.40,24.67,24.43,24.74,24.85
944,s510_15_7.cnf,340,948,0.28,0.30,0.40,0.53,0.56
945,blasted_case_0_b11_1.cnf,340,1026,29.37,29.28,27.64,27.59,27.75
946,par16-5-c.cnf,341,1360,0.24,0.29,0.34,0.47,0.54
947,qg1-07.cnf,343,68083,0.30,0.33,0.37,0.51,0.59
948,qg2-07.cnf,343,68083,0.30,0.34,0.40,0.53,0.62
949,par16-2-c.cnf,349,1392,0.45,0.51,0.66,0.96,1.12
950,par8-1.cnf,350,1149,0.23,0.23,0.31,0.47,0.53
951,par8-4.cnf,350,1155,0.25,0.28,0.39,0.63,0.71
952,par8-2.cnf,350,1157,0.23,0.26,0.39,0.49,0.55
953,par8-5.cnf,350,1171,0.17,0.21,0.27,0.40,0.45
954,s382_15_7.cnf,350,995,0.66,0.69,0.80,0.96,1.05
955,par8-3.cnf,350,1171,0.20,0.28,0.36,0.56,0.63
956,s420_new_15_7.cnf,351,934,0.36,0.39,0.49,0.65,0.70
957,tire-1.cnf,352,1038,0.39,0.43,0.47,0.65,0.88
958,s526_3_2.cnf,365,943,0.68,0.69,0.81,1.02,1.11
959,s526a_3_2.cnf,366,944,0.75,0.77,0.93,1.12,1.25
960,s420_15_7.cnf,366,994,0.45,0.48,0.58,0.73,0.81
961,s420_new1_15_7.cnf,366,994,0.57,0.62,0.73,0.91,1.00
962,registerlesSwap.sk_3_10.cnf,372,1493,0.28,0.31,0.40,0.56,0.64
963,bugsynthesisnc19.cnf,374,958,1.50,1.54,1.65,1.89,1.93
964,s444_15_7.cnf,377,1072,0.40,0.44,0.54,0.70,0.77
965,s526_7_4.cnf,383,1019,1.13,1.20,1.34,1.59,1.65
966,s526a_7_4.cnf,384,1020,0.95,1.02,1.11,1.38,1.51
967,blasted_case125.cnf,393,1555,1.03,1.05,1.22,1.46,1.58
968,blasted_case20.cnf,397,1126,1.64,1.67,1.88,1.95,2.06
969,blasted_case19.cnf,397,1126,1.46,1.49,1.64,1.87,1.96
970,blasted_case35.cnf,400,1414,1.28,1.38,1.45,1.65,1.75
971,blasted_case34.cnf,409,1597,3.02,2.99,2.99,3.15,3.26
972,4blocksb.cnf,410,24758,0.56,0.64,0.70,0.93,1.02
973,c880.isc.cnf,417,1060,TO,TO,TO,TO,TO
974,s953.bench.cnf,417,1138,1.71,1.81,1.87,1.85,1.87
975,sat-grid-pbl-0020.cnf,420,781,TO,TO,TO,TO,TO
976,blasted_case_1_b12_1.cnf,427,1385,6.18,6.29,6.35,6.53,6.69
977,blasted_case_0_b12_1.cnf,427,1385,6.00,5.95,6.06,6.31,6.52
978,blasted_case_2_b12_1.cnf,427,1385,6.19,6.21,5.91,6.36,6.67
979,blasted_case143.cnf,427,1592,1.99,2.12,2.33,2.55,2.76
980,blasted_case114.cnf,428,1851,4.26,4.32,4.51,4.80,4.99
981,blasted_case115.cnf,428,1851,4.82,4.90,5.06,5.41,5.56
982,blasted_case131.cnf,432,1830,1.38,1.40,1.48,1.75,1.84
983,s641.bench.cnf,433,918,3.95,4.03,4.16,4.44,4.62
984,blasted_case116.cnf,438,1881,3.31,3.72,3.55,3.72,3.86
985,s713.bench.cnf,447,984,5.44,5.62,5.61,5.70,5.88
986,s526_15_7.cnf,452,1303,2.09,2.06,2.18,2.40,3.08
987,s526a_15_7.cnf,453,1304,1.85,1.88,1.97,2.19,2.29
988,ls9-normalized.cnf,456,2864,TO,TO,TO,TO,TO
989,bw_large.a.cnf,459,4675,0.32,0.36,0.48,0.71,0.83
990,huge.cnf,459,7054,0.36,0.40,0.51,0.69,0.83
991,blasted_case140.cnf,488,1222,4.33,3.99,4.80,5.06,5.24
992,s641_3_2.cnf,489,1039,3.54,3.63,3.75,4.04,4.39
993,blasted_squaring51.cnf,496,1947,9.06,9.46,9.53,9.76,9.18
994,bugsynthesisnc20.cnf,500,1113,1.42,1.54,1.64,1.85,1.97
995,blasted_squaring50.cnf,500,1965,10.03,10.42,10.68,10.83,11.20
996,5_100_sd_schur.cnf,500,26860,MO,MO,MO,MO,MO
997,bugsynthesisnc13.cnf,505,563,0.20,0.25,0.37,0.58,0.69
998,bugsynthesisnc12.cnf,505,592,0.26,0.32,0.42,0.77,0.76
999,s641_7_4.cnf,507,1115,5.89,5.97,6.31,6.22,6.20
1000,s713_3_2.cnf,509,1117,4.68,4.98,5.05,5.39,5.50
1001,qg1-08.cnf,512,148957,3.39,3.41,3.54,3.78,3.82
1002,qg3-08.cnf,512,10469,0.29,0.36,0.47,0.65,0.80
1003,qg2-08.cnf,512,148957,2.52,2.56,2.67,2.90,2.95
1004,s838.1.bench.cnf,512,1233,0.33,0.38,0.48,0.68,0.80
1005,s953a_3_2.cnf,515,1297,1.19,1.26,1.38,1.70,1.85
1006,s713_7_4.cnf,527,1193,5.29,5.40,5.61,5.95,6.14
1007,s953a_7_4.cnf,533,1373,0.94,1.00,1.15,1.39,1.53
1008,s1238.bench.cnf,539,1549,3.74,3.84,4.09,4.43,4.62
1009,tire-2.cnf,550,2001,0.37,0.37,0.52,0.81,0.93
1010,c1355.isc.cnf,555,1546,MO,MO,MO,MO,MO
1011,s1196.bench.cnf,560,1538,3.76,3.76,3.96,4.33,4.77
1012,bugsynthesisnc18.cnf,568,742,0.24,0.29,0.43,0.69,0.82
1013,lang12.cnf,576,13584,TO,TO,TO,TO,TO
1014,s641_15_7.cnf,576,1399,22.08,22.29,22.25,22.83,18.66
1015,tire-3.cnf,577,2004,0.89,0.97,1.14,1.41,1.56
1016,blasted_case18.cnf,579,1815,15.38,15.41,15.96,15.86,16.25
1017,10random.cnf,587,1685,0.30,0.38,0.54,0.83,1.00
1018,s713_15_7.cnf,596,1477,12.65,12.79,13.27,13.52,13.69
1019,s820a_3_2.cnf,598,1627,0.25,0.31,0.46,0.68,0.79
1020,s838_3_2.cnf,598,1414,0.45,0.49,0.63,0.95,1.00
1021,s953a_15_7.cnf,602,1657,1.29,1.36,1.57,1.88,2.04
1022,s832a_3_2.cnf,606,1657,0.34,0.42,0.48,0.76,0.88
1023,s838_7_4.cnf,616,1490,0.54,0.63,0.73,1.00,1.12
1024,s820a_7_4.cnf,616,1703,0.31,0.37,0.51,0.79,0.91
1025,blasted_case107.cnf,618,1661,MO,MO,MO,MO,MO
1026,s832a_7_4.cnf,624,1733,0.29,0.35,0.47,0.73,0.89
1027,sum.32.cnf,639,1708,MO,MO,MO,MO,MO
1028,blasted_case130.cnf,644,2056,2.62,2.67,2.83,3.15,3.34
1029,blasted_case214.cnf,645,1883,1.48,1.58,1.76,2.02,2.14
1030,blasted_case213.cnf,648,1891,2.23,2.41,2.44,2.72,2.85
1031,2bitadd_11.cnf,649,1562,MO,MO,MO,MO,MO
1032,sat-grid-pbl-0025.cnf,650,1226,TO,TO,TO,TO,TO
1033,ls10-normalized.cnf,657,4761,MO,MO,MO,MO,MO
1034,bugsynthesisnc11.cnf,660,853,0.33,0.47,0.53,0.83,0.94
1035,s1494.bench.cnf,661,2040,0.67,0.76,0.92,1.21,1.45
1036,s1488.bench.cnf,667,2040,0.79,0.78,0.86,1.17,1.35
1037,s820a_15_7.cnf,685,1987,0.27,0.34,0.45,0.74,0.88
1038,s838_15_7.cnf,685,1774,0.99,1.13,1.27,1.57,1.73
1039,s1238a_3_2.cnf,686,1850,3.97,4.00,4.17,4.56,4.80
1040,s1196a_3_2.cnf,690,1805,3.82,4.20,4.12,4.89,4.85
1041,s832a_15_7.cnf,693,2017,0.51,0.58,0.72,1.06,1.23
1042,blasted_squaring24.cnf,695,2193,TO,TO,TO,TO,TO
1043,blasted_squaring22.cnf,695,2193,TO,TO,TO,TO,TO
1044,blasted_squaring20.cnf,696,2198,0.93,1.03,1.18,1.48,1.64
1045,blasted_squaring21.cnf,697,2203,TO,TO,TO,TO,TO
1046,5_140_sd_schur.cnf,700,51600,TO,TO,TO,TO,TO
1047,s1238a_7_4.cnf,704,1926,4.18,4.25,4.44,4.84,4.94
1048,s1196a_7_4.cnf,708,1881,5.05,5.23,5.50,5.84,6.09
1049,2bitadd_12.cnf,708,1702,TO,TO,TO,TO,TO
1050,blasted_squaring23.cnf,710,2268,1.34,1.46,1.60,1.94,2.14
1051,GuidanceService2.sk_2_27.cnf,715,2181,0.37,0.43,0.63,0.94,1.11
1052,hanoi4.cnf,718,4934,0.43,0.55,0.79,1.38,1.69
1053,bugsynthesisnc6.cnf,723,1273,0.59,0.69,0.87,1.19,1.36
1054,qg7-09.cnf,729,22060,0.32,0.42,0.58,0.99,1.23
1055,qg6-09.cnf,729,21844,0.34,0.37,0.60,0.97,1.14
1056,qg4-09.cnf,729,15580,3.95,4.03,4.27,4.59,4.70
1057,bugsynthesisnc3.cnf,732,1652,0.60,0.67,0.85,1.17,1.35
1058,bugsynthesisnc1.cnf,732,1652,0.60,0.69,0.91,1.22,1.36
1059,blasted_case12.cnf,737,2310,MO,MO,MO,MO,MO
1060,bugsynthesisnc23.cnf,738,1321,0.50,0.53,0.65,1.00,1.17
1061,bugsynthesisnc22.cnf,738,1350,0.34,0.42,0.58,0.91,1.08
1062,bugsynthesisnc21.cnf,738,1321,0.52,0.57,0.73,1.08,1.19
1063,s1423.bench.cnf,748,1821,161.35,157.24,154.70,152.84,153.65
1064,c1908.isc.cnf,751,2053,TO,TO,TO,TO,TO
1065,4blocks.cnf,758,47820,4.85,4.95,5.14,5.60,5.89
1066,cnt06.shuffled.cnf,762,2469,0.32,0.48,0.77,1.40,1.75
1067,blasted_case144.cnf,765,2340,7.80,7.56,8.05,8.77,8.29
1068,s1238a_15_7.cnf,773,2210,6.71,7.10,7.14,8.18,8.01
1069,s1196a_15_7.cnf,777,2165,4.48,4.55,4.70,5.09,5.20
1070,s1423a_3_2.cnf,777,1888,105.81,105.43,105.17,106.69,107.43
1071,bugsynthesisnc17.cnf,785,1354,0.35,0.49,0.66,1.01,1.22
1072,s1423a_7_4.cnf,795,1964,55.57,56.77,58.63,61.82,55.95
1073,scenarios_tree_delete3.sb.pl.sk_2_32.cnf,795,2734,0.42,0.54,0.72,1.20,1.39
1074,blasted_case_0_b14_1.cnf,812,3000,14.28,14.71,15.30,15.98,16.79
1075,tire-4.cnf,812,3222,0.87,1.01,1.33,1.92,2.19
1076,blasted_case208.cnf,824,2128,1.75,1.86,2.05,2.42,2.61
1077,blasted_case207.cnf,824,2128,2.09,2.21,2.44,2.95,3.26
1078,blasted_case_0_b12_2.cnf,827,2725,54.61,52.28,52.86,53.75,53.49
1079,blasted_case_2_b12_2.cnf,827,2725,55.36,54.62,54.74,56.77,56.41
1080,blasted_case_1_b12_2.cnf,827,2725,56.92,53.23,56.21,57.70,57.35
1081,logistics.a.cnf,828,6718,185.25,197.20,198.77,197.19,211.18
1082,blasted_squaring27.cnf,837,2901,0.94,1.02,1.20,1.59,1.83
1083,blasted_case50.cnf,843,3288,7.02,7.08,7.19,7.86,7.96
1084,logistics.b.cnf,843,7301,51.26,52.42,53.72,53.72,53.98
1085,blasted_squaring25.cnf,846,2947,1.03,1.04,1.19,1.65,1.86
1086,blasted_case139.cnf,846,2163,378.40,382.39,363.97,366.49,371.82
1087,blasted_case138.cnf,849,2253,296.12,302.87,315.68,283.25,274.33
1088,s1488_3_2.cnf,854,2423,0.55,0.69,0.82,1.23,1.36
1089,bugsynthesisnc9.cnf,863,1620,0.48,0.60,0.84,1.55,1.47
1090,s1423a_15_7.cnf,864,2248,506.66,496.43,503.90,495.19,477.65
1091,blasted_case211.cnf,869,2929,6.35,6.39,6.64,6.97,7.27
1092,blasted_case210.cnf,872,2937,7.60,7.75,7.98,8.37,8.57
1093,s1488_7_4.cnf,872,2499,0.69,0.87,1.01,1.44,1.60
1094,blasted_squaring70.cnf,882,2663,TO,TO,TO,TO,TO
1095,blasted_squaring2.cnf,885,2809,MO,MO,MO,MO,MO
1096,blasted_squaring6.cnf,885,2809,MO,MO,MO,MO,MO
1097,blasted_squaring5.cnf,885,2809,MO,MO,MO,MO,MO
1098,blasted_squaring3.cnf,885,2809,MO,MO,MO,MO,MO
1099,blasted_squaring1.cnf,891,2839,MO,MO,MO,MO,MO
1100,blasted_squaring4.cnf,891,2839,MO,MO,MO,MO,MO
1101,blasted_squaring26.cnf,894,3187,3.33,3.45,3.60,4.03,4.18
1102,blasted_case42.cnf,903,2735,MO,MO,MO,MO,MO
1103,ls11-normalized.cnf,910,7480,MO,MO,MO,MO,MO
1104,sat-grid-pbl-0030.cnf,930,1771,TO,TO,TO,TO,TO
1105,prob001.pddl.cnf,939,3785,0.49,0.66,0.99,1.60,1.98
1106,log-1.cnf,939,3785,0.45,0.62,0.97,1.61,1.93
1107,s1488_15_7.cnf,941,2783,0.66,0.76,0.98,1.38,1.70
1108,blasted_case_2_ptb_1.cnf,963,3027,98.11,100.72,99.80,102.09,104.59
1109,blasted_squaring11.cnf,966,3213,TO,TO,TO,TO,TO
1110,blasted_case_1_ptb_1.cnf,966,3035,137.88,137.10,136.86,138.72,139.00
1111,GuidanceService.sk_4_27.cnf,988,3088,0.96,0.97,1.29,1.84,2.07
1112,bugsynthesisnc10.cnf,993,1247,0.30,0.43,0.70,1.14,1.38
1113,par16-1.cnf,1015,3310,0.51,0.68,1.09,1.85,2.26
1114,par16-2.cnf,1015,3374,0.67,0.85,1.26,2.21,2.80
1115,par16-3.cnf,1015,3344,0.54,0.70,1.10,2.06,2.68
1116,par16-4.cnf,1015,3324,0.48,0.66,1.03,1.88,2.53
1117,par16-5.cnf,1015,3358,0.54,0.73,1.30,3.60,4.58
1118,lang15.cnf,1024,32320,TO,TO,TO,TO,TO
1119,lang16.cnf,1024,32320,TO,TO,TO,TO,TO
1120,tableBasedAddition.sk_240_1024.cnf,1026,961,0.28,0.38,0.61,1.07,1.31
1121,blasted_squaring30.cnf,1031,3693,37.27,35.54,37.70,36.53,38.51
1122,blasted_squaring28.cnf,1060,3839,MO,MO,MO,MO,MO
1123,blasted_case37.cnf,1084,3159,MO,MO,MO,MO,MO
1124,bw_large.b.cnf,1087,13772,0.66,0.91,1.77,4.44,5.20
1125,blasted_squaring10.cnf,1099,3632,TO,TO,TO,TO,TO
1126,blasted_squaring8.cnf,1101,3642,TO,TO,TO,TO,TO
1127,blasted_squaring29.cnf,1141,4248,MO,MO,MO,MO,MO
1128,logistics.c.cnf,1141,10719,MO,MO,MO,MO,MO
1129,blasted_case212.cnf,1189,3477,5.03,5.06,5.28,6.11,6.56
1130,blasted_case209.cnf,1189,3477,4.58,4.89,5.13,5.81,6.05
1131,ls12-normalized.cnf,1221,11231,TO,TO,TO,TO,TO
1132,c2670.isc.cnf,1230,2876,MO,MO,MO,MO,MO
1133,ra.cnf,1236,11416,10.33,11.71,11.44,12.05,12.65
1134,bugsynthesisnc7.cnf,1246,1738,0.39,0.52,0.81,2.56,3.27
1135,blasted_TR_device_1_linear.cnf,1249,3927,486.11,507.03,522.74,523.86,504.90
1136,bugsynthesisnc4.cnf,1268,3018,MO,MO,MO,MO,MO
1137,bugsynthesisnc2.cnf,1268,2249,11.06,10.42,10.80,11.63,11.95
1138,bugsynthesisnc8.cnf,1271,2596,0.46,0.61,0.99,1.71,2.08
1139,blasted_TR_b14_1_linear.cnf,1287,3950,MO,MO,MO,MO,MO
1140,par32-2-c.cnf,1303,5206,TO,TO,TO,TO,TO
1141,blasted_case_1_b14_even.cnf,1304,4057,MO,MO,MO,MO,MO
1142,blasted_case_2_b14_even.cnf,1304,4057,MO,MO,MO,MO,MO
1143,blasted_case3_b14_even3.cnf,1304,4057,MO,MO,MO,MO,MO
1144,par32-1-c.cnf,1315,5254,TO,TO,TO,TO,TO
1145,blasted_case1_b14_even3.cnf,1318,4093,MO,MO,MO,MO,MO
1146,par32-3-c.cnf,1325,5294,TO,TO,TO,TO,TO
1147,qg5-11.cnf,1331,64054,0.64,0.77,1.10,1.74,2.08
1148,par32-4-c.cnf,1333,5326,TO,TO,TO,TO,TO
1149,prob002.pddl.cnf,1337,24777,5.05,5.22,5.59,6.36,6.75
1150,log-2.cnf,1337,24777,5.23,5.41,6.12,7.13,8.08
1151,par32-5-c.cnf,1339,5350,TO,TO,TO,TO,TO
1152,ssa7552-158.cnf,1363,3034,0.44,0.59,0.86,1.49,1.77
1153,ssa7552-159.cnf,1363,3032,0.53,0.69,1.02,1.68,1.96
1154,bugsynthesisnc31.cnf,1381,2522,0.41,0.60,0.93,1.65,1.98
1155,ssa7552-160.cnf,1391,3126,0.60,0.81,1.18,1.98,2.32
1156,IssueServiceImpl.sk_8_30.cnf,1393,4319,8.53,8.74,9.14,10.06,10.58
1157,D1119_M20.cnf,1400,1698,0.43,0.56,0.94,1.91,2.35
1158,C169_FW.cnf,1411,1982,0.40,0.50,0.95,1.59,2.60
1159,blockmap_05_01.net.cnf,1411,2737,0.48,0.55,0.90,1.56,1.92
1160,C169_FV.cnf,1411,1982,0.36,0.52,0.85,1.57,1.92
1161,log-3.cnf,1413,29487,1.68,1.85,2.24,2.99,3.40
1162,prob003.pddl.cnf,1413,29487,1.74,1.91,2.27,3.48,4.03
1163,D1119_M23.cnf,1414,1997,0.45,0.65,1.15,2.37,2.64
1164,blasted_squaring9.cnf,1434,5028,TO,TO,TO,TO,TO
1165,lang19.cnf,1444,54226,TO,TO,TO,TO,TO
1166,blasted_squaring14.cnf,1458,5009,TO,TO,TO,TO,TO
1167,C250_FV.cnf,1465,2356,0.35,0.52,0.92,1.64,2.02
1168,C250_FW.cnf,1465,2356,0.35,0.57,0.94,1.68,2.10
1169,10.sk_1_46.cnf,1494,2215,0.43,0.60,1.03,1.95,2.95
1170,ssa7552-038.cnf,1501,3575,1.27,1.49,1.98,2.86,3.25
1171,blasted_case_0_ptb_1.cnf,1507,4621,MO,MO,MO,MO,MO
1172,blasted_squaring12.cnf,1507,5210,TO,TO,TO,TO,TO
1173,UserServiceImpl.sk_8_32.cnf,1509,5009,1.42,1.57,2.17,3.16,4.00
1174,27.sk_3_32.cnf,1509,2707,0.45,0.70,1.15,2.28,3.10
1175,blasted_case49.cnf,1510,6505,168.37,163.94,185.92,196.19,165.35
1176,bugsynthesisc6.cnf,1512,2463,0.58,0.77,1.18,1.94,2.66
1177,bugsynthesisnc25.cnf,1513,3601,MO,MO,MO,MO,MO
1178,blasted_case_1_4_b14_even.cnf,1532,4761,MO,MO,MO,MO,MO
1179,blasted_case_3_4_b14_even.cnf,1532,4761,MO,MO,MO,MO,MO
1180,bugsynthesisnc24.cnf,1544,3048,13.51,13.63,14.17,13.77,14.13
1181,blasted_TR_b14_2_linear.cnf,1570,4963,MO,MO,MO,MO,MO
1182,ls13-normalized.cnf,1596,16248,TO,TO,TO,TO,TO
1183,lang20.cnf,1600,63280,TO,TO,TO,TO,TO
1184,blasted_squaring16.cnf,1627,5835,MO,MO,MO,MO,MO
1185,blasted_squaring7.cnf,1628,5837,TO,TO,TO,TO,TO
1186,C211_FS.cnf,1635,3662,0.73,0.97,1.37,2.28,5.37
1187,C211_FW.cnf,1665,5929,TO,TO,TO,TO,TO
1188,PhaseService.sk_14_27.cnf,1686,5655,1.51,1.79,2.34,3.35,3.91
1189,blockmap_05_02.net.cnf,1738,3452,0.48,0.65,1.08,1.94,2.34
1190,C171_FR.cnf,1758,4005,23.72,25.02,26.40,28.60,22.91
1191,C638_FVK.cnf,1761,3162,2.07,2.35,2.82,3.73,4.30
1192,C638_FKB.cnf,1784,3774,49.30,50.61,52.28,61.27,54.20
1193,cnt07.shuffled.cnf,1786,5856,0.67,1.12,2.03,4.01,5.75
1194,C638_FKA.cnf,1787,7612,TO,TO,TO,TO,TO
1195,prob004-log-a.cnf,1790,18026,15.31,15.62,16.87,17.97,20.06
1196,C230_FR.cnf,1808,4767,TO,TO,TO,TO,TO
1197,C163_FW.cnf,1815,4797,153.60,146.12,144.85,147.56,153.46
1198,C140_FC.cnf,1828,5451,427.65,431.09,424.19,415.19,413.50
1199,ActivityService.sk_11_27.cnf,1837,5968,1.08,1.37,1.92,2.95,3.49
1200,C140_FW.cnf,1841,6306,TO,TO,TO,TO,TO
1201,C140_FV.cnf,1843,8056,MO,MO,MO,MO,MO
1202,C215_FC.cnf,1848,4898,TO,TO,TO,TO,TO
1203,rb.cnf,1854,11324,25.10,25.66,25.74,26.95,30.20
1204,C170_FR.cnf,1874,10610,TO,TO,TO,TO,TO
1205,C208_FA.cnf,1876,7219,MO,MO,MO,MO,MO
1206,C209_FA.cnf,1885,4093,87.80,85.37,86.46,89.17,92.25
1207,C129_FR.cnf,1888,7404,TO,TO,TO,TO,TO
1208,IterationService.sk_12_27.cnf,1896,6732,3.89,4.35,4.72,6.00,6.63
1209,C168_FW.cnf,1909,7477,MO,MO,MO,MO,MO
1210,C203_FCL.cnf,1914,5225,MO,MO,MO,MO,MO
1211,blasted_TR_b12_1_linear.cnf,1914,6619,MO,MO,MO,MO,MO
1212,C208_FC.cnf,1922,7518,MO,MO,MO,MO,MO
1213,C209_FC.cnf,1922,4805,320.89,335.34,302.58,322.57,310.53
1214,C203_FS.cnf,1931,6275,TO,TO,TO,TO,TO
1215,hanoi5.cnf,1931,14468,1.23,1.74,3.16,6.68,8.31
1216,C220_FW.cnf,1932,6631,MO,MO,MO,MO,MO
1217,C220_FV.cnf,1933,6580,MO,MO,MO,MO,MO
1218,C210_FVF.cnf,1934,3985,300.24,299.95,295.55,296.05,299.07
1219,blasted_TR_b14_3_linear.cnf,1942,6228,MO,MO,MO,MO,MO
1220,ActivityService2.sk_10_27.cnf,1952,6867,1.16,1.46,2.05,3.19,3.77
1221,blasted_TR_ptb_1_linear.cnf,1969,6288,MO,MO,MO,MO,MO
1222,C210_FS.cnf,1990,7982,MO,MO,MO,MO,MO
1223,C202_FS.cnf,1990,8883,MO,MO,MO,MO,MO
1224,binsearch.16.cnf,2003,5637,MO,MO,MO,MO,MO
1225,C210_FW.cnf,2024,9705,MO,MO,MO,MO,MO
1226,C203_FW.cnf,2030,7234,MO,MO,MO,MO,MO
1227,C202_FW.cnf,2038,11342,MO,MO,MO,MO,MO
1228,ls14-normalized.cnf,2041,22789,MO,MO,MO,MO,MO
1229,blockmap_05_03.net.cnf,2055,4143,0.63,0.90,1.42,2.55,3.12
1230,lang23.cnf,2116,96370,TO,TO,TO,TO,TO
1231,qg7-13.cnf,2197,97072,9.79,10.14,10.69,12.37,12.80
1232,scenarios_aig_insertion1.sb.pl.sk_3_60.cnf,2296,9326,0.86,1.17,1.98,3.51,4.36
1233,prob004.pddl.cnf,2303,20963,77.15,74.77,67.76,68.58,70.38
1234,log-4.cnf,2303,20963,60.63,60.73,61.15,63.52,67.94
1235,lang24.cnf,2304,109536,TO,TO,TO,TO,TO
1236,prob012.pddl.cnf,2324,31857,TO,TO,TO,TO,TO
1237,111.sk_2_36.cnf,2348,5479,0.81,1.33,2.59,7.84,10.34
1238,blasted_TR_b12_2_linear.cnf,2426,8373,MO,MO,MO,MO,MO
1239,blasted_TR_device_1_even_linear.cnf,2447,7612,MO,MO,MO,MO,MO
1240,blasted_case142.cnf,2457,7305,MO,MO,MO,MO,MO
1241,rc.cnf,2472,17942,MO,MO,MO,MO,MO
1242,ConcreteActivityService.sk_13_28.cnf,2481,9011,2.92,3.44,4.61,7.78,7.62
1243,bugsynthesisc8.cnf,2521,6404,0.89,1.53,3.03,7.74,11.40
1244,ls15-normalized.cnf,2562,31136,MO,MO,MO,MO,MO
1245,53.sk_4_32.cnf,2586,10747,0.88,1.52,2.83,5.92,10.64
1246,scenarios_aig_insertion2.sb.pl.sk_3_60.cnf,2592,10156,1.12,1.91,4.74,19.08,23.62
1247,blasted_case_2_b12_even2.cnf,2669,8460,MO,MO,MO,MO,MO
1248,blasted_case_0_b12_even2.cnf,2669,8460,MO,MO,MO,MO,MO
1249,blasted_case_1_b12_even2.cnf,2669,8460,MO,MO,MO,MO,MO
1250,blasted_case_1_b12_even1.cnf,2681,8492,MO,MO,MO,MO,MO
1251,blasted_case_0_b12_even1.cnf,2681,8492,MO,MO,MO,MO,MO
1252,blasted_case_2_b12_even1.cnf,2681,8492,MO,MO,MO,MO,MO
1253,prob005.pddl.cnf,2701,29534,TO,TO,TO,TO,TO
1254,log-5.cnf,2701,29534,TO,TO,TO,TO,TO
1255,bmc-ibm-2.cnf,2810,11683,0.90,1.41,3.43,7.66,11.29
1256,blasted_case_2_ptb_2.cnf,2848,9498,MO,MO,MO,MO,MO
1257,blasted_case_1_ptb_2.cnf,2851,9506,MO,MO,MO,MO,MO
1258,lang27.cnf,2916,156114,TO,TO,TO,TO,TO
1259,bugsynthesisnc16.cnf,3015,3073,0.82,1.21,2.66,15.17,7.84
1260,bw_large.c.cnf,3016,50457,5.09,6.02,8.39,18.49,21.43
1261,55.sk_3_46.cnf,3128,12145,0.66,1.21,2.14,6.20,8.03
1262,lang28.cnf,3136,174160,TO,TO,TO,TO,TO
1263,ls16-normalized.cnf,3165,41595,MO,MO,MO,MO,MO
1264,ProjectService3.sk_12_55.cnf,3175,11019,125.34,124.94,131.21,126.65,126.46
1265,par32-1.cnf,3176,10277,TO,TO,TO,TO,TO
1266,par32-5.cnf,3176,10325,TO,TO,TO,TO,TO
1267,par32-3.cnf,3176,10297,TO,TO,TO,TO,TO
1268,par32-2.cnf,3176,10253,TO,TO,TO,TO,TO
1269,par32-4.cnf,3176,10313,TO,TO,TO,TO,TO
1270,c7552.isc.cnf,3185,8588,MO,MO,MO,MO,MO
1271,blasted_case_0_ptb_2.cnf,3391,11089,MO,MO,MO,MO,MO
1272,mastermind_05_08_03.net.cnf,3502,7816,41.06,42.43,47.72,54.09,57.08
1273,NotificationServiceImpl2.sk_10_36.cnf,3540,13425,16.47,16.74,17.42,20.65,21.94
1274,109.sk_4_36.cnf,3565,14012,1.30,2.94,9.83,18.02,20.71
1275,blasted_case104.cnf,3666,11589,TO,TO,TO,TO,TO
1276,s5378a_3_2.cnf,3679,8372,MO,MO,MO,MO,MO
1277,s5378a_7_4.cnf,3697,8448,MO,MO,MO,MO,MO
1278,51.sk_4_38.cnf,3708,14594,0.92,1.60,3.23,7.49,8.30
1279,fs-07.net.cnf,3710,6104,MO,MO,MO,MO,MO
1280,s5378a_15_7.cnf,3766,8732,MO,MO,MO,MO,MO
1281,32.sk_4_38.cnf,3834,13594,0.87,1.50,3.21,7.64,8.81
1282,blasted_TR_ptb_2_linear.cnf,3857,12774,MO,MO,MO,MO,MO
1283,mastermind_06_08_03.net.cnf,3979,8833,75.28,79.76,81.66,89.94,91.59
1284,alu2_gr_rcs_w8.shuffled.cnf,4080,83902,MO,MO,MO,MO,MO
1285,cnt08.shuffled.cnf,4089,13531,2.64,10.34,11.52,37.71,43.59
1286,blasted_case141.cnf,4155,11758,MO,MO,MO,MO,MO
1287,blasted_case_1_b12_even3.cnf,4157,13049,MO,MO,MO,MO,MO
1288,blasted_case_0_b12_even3.cnf,4157,13049,MO,MO,MO,MO,MO
1289,blasted_case_2_b12_even3.cnf,4157,13049,MO,MO,MO,MO,MO
1290,blasted_squaring42.cnf,4173,13539,MO,MO,MO,MO,MO
1291,blasted_squaring40.cnf,4173,13539,TO,TO,TO,TO,TO
1292,blasted_squaring41.cnf,4185,13599,454.87,487.98,500.79,572.06,528.51
1293,binsearch.32.cnf,4473,14011,MO,MO,MO,MO,MO
1294,c880_gr_rcs_w7.shuffled.cnf,4592,61745,MO,MO,MO,MO,MO
1295,70.sk_3_40.cnf,4670,15864,2.23,4.47,16.41,21.09,27.77
1296,logistics.d.cnf,4713,21991,MO,MO,MO,MO,MO
1297,mastermind_03_08_04.net.cnf,4720,10920,42.35,41.74,44.74,50.79,63.16
1298,ProcessBean.sk_8_64.cnf,4768,14458,622.25,588.05,616.24,611.52,613.70
1299,56.sk_6_38.cnf,4842,17828,1.27,2.32,4.87,10.86,13.57
1300,35.sk_3_52.cnf,4915,10547,1.28,2.69,6.94,13.13,21.63
1301,80.sk_2_48.cnf,4969,17060,2.66,5.18,12.64,29.58,41.90
1302,bugsynthesisc4.cnf,5121,13543,2.54,4.80,16.00,35.22,40.32
1303,blasted_squaring60.cnf,5186,16134,MO,MO,MO,MO,MO
1304,bugsynthesisc5.cnf,5355,13751,2.72,5.57,17.32,34.51,40.43
1305,bugsynthesisc3.cnf,5355,13751,4.99,13.88,25.79,52.14,60.55
1306,mastermind_04_08_04.net.cnf,5484,12596,MO,MO,MO,MO,MO
1307,71.sk_3_65.cnf,5670,14616,2.75,4.28,9.44,20.87,31.73
1308,79.sk_4_40.cnf,5707,21005,UNSAT,UNSAT,UNSAT,UNSAT,UNSAT
1309,scenarios_tree_delete.sb.pl.sk_3_30.cnf,5758,22105,4.28,5.41,7.88,13.40,16.78
1310,scenarios_tree_insert_insert.sb.pl.sk_3_68.cnf,5835,22436,169.34,173.21,175.15,183.06,185.34
1311,mastermind_10_08_03.net.cnf,5887,12901,MO,MO,MO,MO,MO
1312,s9234a_3_2.cnf,6295,14479,MO,MO,MO,MO,MO
1313,s9234a_7_4.cnf,6313,14555,TO,TO,TO,TO,TO
1314,bw_large.d.cnf,6325,131973,OE,OE,OE,OE,OE
1315,s9234a_15_7.cnf,6382,14839,MO,MO,MO,MO,MO
1316,7.sk_4_50.cnf,6683,24816,6.17,23.19,62.62,141.75,61.98
1317,doublyLinkedList.sk_8_37.cnf,6890,26918,5.57,7.19,10.81,17.87,21.06
1318,57.sk_4_64.cnf,6917,23549,2.06,8.80,23.75,50.52,46.45
1319,19.sk_3_48.cnf,6993,23867,1.88,3.53,9.22,24.18,33.04
1320,63.sk_3_64.cnf,7242,24379,2.01,3.67,7.52,21.85,26.35
1321,mastermind_03_08_05.net.cnf,7564,17690,TO,TO,TO,TO,TO
1322,Pollard.sk_1_10.cnf,7815,41258,MO,MO,MO,MO,MO
1323,36.sk_3_77.cnf,8047,28733,UNSAT,UNSAT,UNSAT,UNSAT,UNSAT
1324,LoginService.sk_20_34.cnf,8200,26689,14.50,16.20,20.10,30.62,37.31
1325,3bitadd_31.cnf,8432,31310,TO,TO,TO,TO,TO
1326,blasted_TR_b12_even3_linear.cnf,8633,28088,MO,MO,MO,MO,MO
1327,blasted_TR_b12_even7_linear.cnf,8633,28088,MO,MO,MO,MO,MO
1328,blasted_TR_b12_even2_linear.cnf,8633,28088,MO,MO,MO,MO,MO
1329,3bitadd_32.cnf,8704,32316,TO,TO,TO,TO,TO
1330,bmc-ibm-7.cnf,8710,39774,MO,MO,MO,MO,MO
1331,blasted_TR_b14_even3_linear.cnf,8809,28200,MO,MO,MO,MO,MO
1332,blasted_TR_b14_even_linear.cnf,8809,28200,MO,MO,MO,MO,MO
1333,29.sk_3_45.cnf,8866,31557,3.46,13.28,28.49,59.23,120.60
1334,107.sk_3_90.cnf,8948,40147,3.05,7.12,17.64,36.91,76.86
1335,cnt09.shuffled.cnf,9207,30678,14.26,29.40,55.84,155.22,207.37
1336,s13207a_3_2.cnf,9368,20559,MO,MO,MO,MO,MO
1337,s13207a_7_4.cnf,9386,20635,MO,MO,MO,MO,MO
1338,bmc-ibm-5.cnf,9396,41207,439.08,438.56,446.53,470.22,477.38
1339,s13207a_15_7.cnf,9455,20919,MO,MO,MO,MO,MO
1340,bmc-ibm-1.cnf,9685,55870,39.09,42.53,48.18,63.21,66.00
1341,isolateRightmost.sk_7_481.cnf,10057,35275,MO,MO,MO,MO,MO
1342,17.sk_3_45.cnf,10090,27056,6.29,12.40,39.33,94.26,127.54
1343,fs-10.net.cnf,10220,17210,MO,MO,MO,MO,MO
1344,blasted_TR_b14_even2_linear.cnf,10329,33008,MO,MO,MO,MO,MO
1345,81.sk_5_51.cnf,10775,38006,4.93,8.71,17.89,50.07,80.56
1346,s15850a_3_2.cnf,10908,24476,MO,MO,MO,MO,MO
1347,s15850a_7_4.cnf,10926,24552,MO,MO,MO,MO,MO
1348,s15850a_15_7.cnf,10995,24836,MO,MO,MO,MO,MO
1349,blockmap_10_01.net.cnf,11328,23175,3.94,7.35,14.28,28.72,37.21
1350,LoginService2.sk_23_36.cnf,11511,41411,TO,TO,TO,TO,TO
1351,sort.sk_8_52.cnf,12125,49611,MO,MO,MO,MO,MO
1352,scenarios_tree_delete4.sb.pl.sk_4_114.cnf,12389,47486,MO,MO,MO,MO,MO
1353,blockmap_10_02.net.cnf,12562,26022,8.76,13.16,22.50,43.01,72.66
1354,parity.sk_11_11.cnf,13116,47506,MO,MO,MO,MO,MO
1355,bmc-ibm-13.cnf,13215,65728,32.26,62.03,107.24,294.61,413.59
1356,blockmap_10_03.net.cnf,13786,28826,32.77,37.89,48.36,68.53,78.82
1357,77.sk_3_44.cnf,14535,27573,42.85,83.15,133.62,210.43,382.14
1358,bmc-ibm-3.cnf,14930,72106,18.23,55.59,108.92,208.44,266.26
1359,20.sk_1_51.cnf,15475,60994,22.37,32.61,64.32,137.25,166.37
1360,scenarios_tree_delete2.sb.pl.sk_8_114.cnf,15573,59561,148.23,160.38,181.15,232.37,298.54
1361,84.sk_4_77.cnf,15678,70956,14.09,23.38,47.57,119.42,113.90
1362,enqueueSeqSK.sk_10_42.cnf,16466,58515,MO,MO,MO,MO,MO
1363,tutorial2.sk_3_4.cnf,16726,77653,10.19,22.81,73.26,124.81,176.36
1364,s35932_3_2.cnf,17831,44349,OE,OE,OE,OE,OE
1365,s35932_7_4.cnf,17849,44425,OE,OE,OE,OE,OE
1366,s35932_15_7.cnf,17918,44709,OE,OE,OE,OE,OE
1367,110.sk_3_88.cnf,18570,63471,29.52,66.06,137.46,255.81,299.15
1368,logcount.sk_16_86.cnf,19126,68146,TO,TO,TO,TO,TO
1369,karatsuba.sk_7_41.cnf,19594,82417,MO,MO,MO,MO,MO
1370,cnt10.shuffled.cnf,20470,68561,55.28,83.42,229.69,281.91,290.27
1371,54.sk_12_97.cnf,21726,73499,TO,TO,TO,TO,TO
1372,fs-13.net.cnf,21788,37154,MO,MO,MO,MO,MO
1373,s38584_3_2.cnf,23405,57394,MO,MO,MO,MO,MO
1374,s38584_7_4.cnf,23423,57470,TO,TO,TO,TO,TO
1375,s38584_15_7.cnf,23492,57754,MO,MO,MO,MO,MO
1376,scenarios_treemax.sb.pl.sk_7_19.cnf,24859,103762,OE,OE,OE,OE,OE
1377,s38417_3_2.cnf,25528,57586,MO,MO,MO,MO,MO
1378,s38417_7_4.cnf,25546,57662,MO,MO,MO,MO,MO
1379,s38417_15_7.cnf,25615,57946,MO,MO,MO,MO,MO
1380,bmc-ibm-4.cnf,28161,139716,99.97,151.02,250.92,437.59,522.92
1381,30.sk_5_76.cnf,29621,112297,33.75,82.31,181.97,562.37,473.24
1382,signedAvg.sk_8_1020.cnf,30335,91854,TO,TO,TO,TO,TO
1383,scenarios_treemin.sb.pl.sk_9_19.cnf,30736,128537,50.87,94.84,193.71,490.04,TO
1384,bmc-ibm-11.cnf,32109,150027,TO,TO,TO,TO,TO
1385,blockmap_15_01.net.cnf,33035,67424,33.47,74.57,300.68,TO,642.78
1386,SetTest.sk_9_21.cnf,33744,148948,232.62,TO,TO,TO,TO
1387,scenarios_tree_delete1.sb.pl.sk_3_114.cnf,34998,135565,192.07,230.18,450.64,TO,TO
1388,blockmap_15_02.net.cnf,35386,72866,58.59,133.21,240.53,557.66,TO
1389,xpose.sk_6_134.cnf,35519,159328,MO,MO,MO,MO,MO
1390,blockmap_15_03.net.cnf,37709,78239,170.50,187.71,317.48,692.42,TO
1391,bmc-ibm-12.cnf,39598,194778,MO,MO,MO,MO,MO
1392,fs-16.net.cnf,39872,68528,MO,MO,MO,MO,MO
1393,scenarios_lltraversal.sb.pl.sk_5_23.cnf,39912,167842,TO,TO,TO,TO,TO
1394,compress.sk_17_291.cnf,44901,166948,MO,MO,MO,MO,MO
1395,bmc-ibm-6.cnf,51639,368352,MO,MO,MO,MO,MO
1396,listReverse.sk_11_43.cnf,53008,204957,MO,MO,MO,MO,MO
1397,bmc-galileo-8.cnf,58074,294821,TO,TO,TO,TO,TO
1398,bmc-ibm-10.cnf,59056,323700,TO,TO,TO,TO,TO
1399,bmc-galileo-9.cnf,63624,326999,TO,TO,TO,TO,TO
1400,scenarios_llreverse.sb.pl.sk_8_25.cnf,63797,257657,TO,TO,TO,TO,TO
1401,fs-19.net.cnf,65930,113924,MO,MO,MO,MO,MO
1402,reverse.sk_11_258.cnf,75641,380869,TO,TO,TO,TO,TO
1403,blockmap_20_01.net.cnf,78650,160055,339.87,687.92,TO,TO,TO
1404,scenarios_tree_search.sb.pl.sk_11_136.cnf,81080,315697,MO,MO,MO,MO,MO
1405,scenarios_tree_insert_search.sb.pl.sk_11_136.cnf,82202,319077,MO,MO,MO,MO,MO
1406,scenarios_aig_traverse.sb.pl.sk_5_102.cnf,82247,331100,MO,MO,MO,MO,MO
1407,lss.sk_6_7.cnf,82362,259552,TO,TO,TO,TO,TO
1408,blockmap_20_02.net.cnf,82786,169415,319.34,529.08,TO,TO,TO
1409,blockmap_20_03.net.cnf,86889,178682,TO,TO,TO,TO,TO
1410,jburnim_morton.sk_13_530.cnf,101241,378557,MO,MO,MO,MO,MO
1411,fs-22.net.cnf,101420,175934,MO,MO,MO,MO,MO
1412,blockmap_22_01.net.cnf,108698,224008,421.26,TO,TO,TO,TO
1413,blockmap_22_02.net.cnf,113870,235801,MO,MO,MO,MO,MO
1414,scenarios_llinsert2.sb.pl.sk_6_407.cnf,116345,454527,TO,TO,TO,TO,TO
1415,blockmap_22_03.net.cnf,119003,247486,PE,PE,PE,PE,PE
1416,fs-25.net.cnf,147800,257150,MO,MO,MO,MO,MO
1417,partition.sk_22_155.cnf,151795,689327,MO,MO,MO,MO,MO
1418,log2.sk_72_391.cnf,185178,716257,TO,TO,TO,TO,TO
1419,scenarios_lldelete1.sb.pl.sk_6_409.cnf,198239,803606,MO,MO,MO,MO,MO
1420,fs-28.net.cnf,206528,360164,MO,MO,MO,MO,MO
1421,fs-29.net.cnf,229100,399794,MO,MO,MO,MO,MO
1422,diagStencil.sk_35_36.cnf,319730,1774184,TO,TO,TO,TO,TO
1423,diagStencilClean.sk_41_36.cnf,378131,2110471,PE,PE,PE,PE,PE
1424,ConcreteRoleAffectationService.sk_119_273.cnf,395951,1520924,TO,TO,TO,TO,TO
1425,tutorial3.sk_4_31.cnf,486193,2598178,TO,TO,TO,TO,TO