S.no,Instance,Vars,Clauses,SPUR1000,SPUR10*1000,KUS1000,KUS10*1000,Speedup
1,blasted_case200.cnf,14,42,0.0,0.05,0.19,2.00,0.03
2,blasted_case206.cnf,14,42,0.0,0.05,0.19,2.02,0.03
3,blasted_case60.cnf,15,35,0.0,0.09,0.18,1.93,0.05
4,s27_new_15_7.cnf,17,43,0.0,0.01,0.21,2.15,0.01
5,s27_new_3_2.cnf,17,31,0.0,0.01,0.19,2.13,0.01
6,s27_new_7_4.cnf,17,35,0.0,0.01,0.19,2.12,0.01
7,s27_3_2.cnf,20,43,0.0,0.01,0.21,2.05,0.01
8,s27_7_4.cnf,24,63,0.0,0.01,0.18,1.67,0.01
9,blasted_case103.cnf,32,86,0.01,0.10,0.23,2.35,0.04
10,fs-01.net.cnf,32,38,0.0,0.08,0.26,2.30,0.04
11,s27_15_7.cnf,32,103,0.0,0.01,0.26,2.28,0.00
12,blasted_case102.cnf,34,92,0.01,0.10,0.20,2.18,0.05
13,blasted_case127.cnf,36,104,0.0,0.01,0.23,2.30,0.00
14,blasted_case128.cnf,36,104,0.0,0.04,0.24,2.26,0.02
15,anomaly.cnf,48,261,0.0,0.03,0.25,2.37,0.01
16,blasted_case28.cnf,51,143,0.02,0.20,0.22,2.56,0.08
17,blasted_case33.cnf,51,143,0.02,0.20,0.23,2.21,0.09
18,blasted_case27.cnf,52,146,0.02,0.20,0.23,2.56,0.08
19,blasted_case32.cnf,52,146,0.01,0.19,0.21,1.92,0.11
20,blasted_case26.cnf,53,148,0.02,0.20,0.23,2.57,0.08
21,blasted_case31.cnf,53,148,0.02,0.20,0.23,2.37,0.08
22,blasted_case134.cnf,60,146,0.03,0.26,0.28,2.46,0.11
23,blasted_case137.cnf,60,146,0.03,0.26,0.23,2.39,0.11
24,ais6.cnf,61,581,0.0,0.03,0.27,2.38,0.01
25,blasted_case36.cnf,64,208,0.01,0.10,0.26,2.59,0.04
26,par8-1-c.cnf,64,254,0.0,0.01,0.29,2.60,0.00
27,blasted_case24.cnf,65,190,0.01,0.16,0.23,2.46,0.07
28,blasted_case29.cnf,65,190,0.01,0.16,0.24,2.59,0.06
29,par8-4-c.cnf,67,266,0.0,0.01,0.30,2.78,0.00
30,tutorial1.sk_1_1.cnf,67,66,0.0,0.01,0.29,2.49,0.00
31,blasted_case25.cnf,68,195,0.03,0.23,0.26,2.89,0.08
32,blasted_case30.cnf,68,195,0.02,0.21,0.25,2.45,0.09
33,par8-2-c.cnf,68,270,0.0,0.07,0.26,2.59,0.03
34,blasted_case100.cnf,72,178,0.07,0.59,0.29,2.89,0.20
35,blasted_case101.cnf,72,178,0.06,0.55,0.28,2.51,0.22
36,par8-3-c.cnf,75,298,0.0,0.01,0.22,2.28,0.00
37,par8-5-c.cnf,75,298,0.0,0.02,0.25,2.51,0.01
38,blasted_case17.cnf,77,235,0.06,0.54,0.27,2.64,0.20
39,blasted_case23.cnf,77,235,0.05,0.51,0.29,2.80,0.18
40,blasted_case59_1.cnf,93,285,0.17,1.68,0.29,2.93,0.57
41,blasted_case59.cnf,93,285,0.16,1.72,0.32,3.04,0.57
42,blasted_case64.cnf,93,285,0.16,1.73,0.31,3.23,0.54
43,blasted_case58.cnf,96,299,0.15,1.59,0.31,2.96,0.54
44,blasted_case63.cnf,96,299,0.15,1.59,0.27,3.17,0.50
45,or-50-10-10.cnf,100,250,12.95,125.01,614.58,779.49,0.68
46,or-50-10-10-UC-10.cnf,100,250,12.94,124.28,1.25,5.94,23.74
47,or-50-10-10-UC-20.cnf,100,250,12.86,127.49,0.31,3.11,40.94
48,or-50-10-10-UC-30.cnf,100,250,13.05,127.45,0.27,2.90,43.50
49,or-50-10-10-UC-40.cnf,100,250,12.87,127.79,0.25,2.45,52.24
50,or-50-10-1.cnf,100,250,6.35,66.79,117.09,160.17,1.40
51,or-50-10-1-UC-10.cnf,100,250,6.99,69.82,21.13,36.92,3.98
52,or-50-10-1-UC-20.cnf,100,250,7.07,69.67,0.38,3.49,20.13
53,or-50-10-1-UC-30.cnf,100,250,6.88,69.31,0.30,2.92,23.83
54,or-50-10-1-UC-40.cnf,100,250,6.87,68.67,0.27,2.82,24.24
55,or-50-10-2.cnf,100,250,3.29,33.36,101.18,139.82,0.78
56,or-50-10-2-UC-10.cnf,100,250,3.29,32.73,0.82,5.13,6.83
57,or-50-10-2-UC-20.cnf,100,250,3.31,33.69,0.34,3.18,10.70
58,or-50-10-2-UC-30.cnf,100,250,3.27,33.03,0.35,3.05,11.02
59,or-50-10-2-UC-40.cnf,100,250,3.29,33.79,0.28,2.75,12.35
60,or-50-10-3.cnf,100,250,8.66,86.97,190.37,254.58,1.22
61,or-50-10-3-UC-10.cnf,100,250,8.74,87.26,3.77,9.95,12.71
62,or-50-10-3-UC-20.cnf,100,250,8.68,86.84,1.82,7.01,15.06
63,or-50-10-3-UC-30.cnf,100,250,8.76,87.83,0.34,3.18,27.84
64,or-50-10-3-UC-40.cnf,100,250,8.89,85.27,0.30,3.05,27.77
65,or-50-10-4.cnf,100,250,10.96,108.90,353.91,485.15,0.75
66,or-50-10-4-UC-10.cnf,100,250,11.08,110.64,14.67,28.22,7.35
67,or-50-10-4-UC-20.cnf,100,250,11.19,110.42,0.91,5.31,22.55
68,or-50-10-4-UC-30.cnf,100,250,11.06,111.96,0.38,3.27,34.91
69,or-50-10-4-UC-40.cnf,100,250,10.98,109.98,0.33,3.14,35.23
70,or-50-10-5.cnf,100,250,8.04,81.35,238.63,324.18,0.86
71,or-50-10-5-UC-10.cnf,100,250,8.23,81.26,5.10,13.34,8.86
72,or-50-10-5-UC-20.cnf,100,250,8.12,81.18,3.01,9.46,11.33
73,or-50-10-5-UC-30.cnf,100,250,8.12,81.41,1.08,5.72,15.80
74,or-50-10-5-UC-40.cnf,100,250,8.5,82.20,0.48,3.86,21.80
75,or-50-10-6.cnf,100,250,9.85,98.07,344.78,436.51,0.96
76,or-50-10-6-UC-10.cnf,100,250,9.82,97.86,6.06,15.16,9.67
77,or-50-10-6-UC-20.cnf,100,250,9.89,97.73,0.91,5.21,20.43
78,or-50-10-6-UC-30.cnf,100,250,9.97,98.00,0.67,4.43,23.41
79,or-50-10-6-UC-40.cnf,100,250,10.02,98.04,0.30,2.77,35.64
80,or-50-10-7.cnf,100,250,8.8,87.96,MO,MO,?
81,or-50-10-7-UC-10.cnf,100,250,8.56,88.46,91.12,126.84,2.24
82,or-50-10-7-UC-20.cnf,100,250,8.77,87.12,1.15,5.66,17.37
83,or-50-10-7-UC-30.cnf,100,250,8.84,87.85,0.32,2.84,31.35
84,or-50-10-7-UC-40.cnf,100,250,7.87,86.88,0.30,3.02,29.05
85,or-50-10-8.cnf,100,250,9.57,95.38,MO,MO,?
86,or-50-10-8-UC-10.cnf,100,250,9.65,96.35,0.83,5.43,18.85
87,or-50-10-8-UC-20.cnf,100,250,9.7,94.06,0.28,2.77,33.88
88,or-50-10-8-UC-30.cnf,100,250,9.6,96.13,0.27,2.78,34.47
89,or-50-10-8-UC-40.cnf,100,250,9.42,95.66,0.27,2.87,33.17
90,or-50-10-9.cnf,100,250,9.0,90.24,292.01,365.64,1.10
91,or-50-10-9-UC-10.cnf,100,250,9.43,91.16,7.67,15.42,10.55
92,or-50-10-9-UC-20.cnf,100,250,9.07,90.78,1.46,6.54,16.08
93,or-50-10-9-UC-30.cnf,100,250,9.16,90.38,0.37,3.26,28.10
94,or-50-10-9-UC-40.cnf,100,250,9.45,91.67,0.29,2.83,32.37
95,or-50-20-10.cnf,100,250,12.69,126.03,484.25,607.28,0.92
96,or-50-20-10-UC-10.cnf,100,250,12.85,126.90,4.59,11.92,15.56
97,or-50-20-10-UC-20.cnf,100,250,12.51,126.42,2.16,7.47,21.45
98,or-50-20-10-UC-30.cnf,100,250,12.49,125.47,0.76,4.84,27.69
99,or-50-20-10-UC-40.cnf,100,250,12.61,126.15,0.46,3.60,36.16
100,or-50-20-1.cnf,100,250,12.06,119.53,247.32,313.98,1.61
101,or-50-20-1-UC-10.cnf,100,250,11.94,119.22,92.29,138.42,2.33
102,or-50-20-1-UC-20.cnf,100,250,12.24,119.39,2.37,7.47,21.01
103,or-50-20-1-UC-30.cnf,100,250,11.98,119.57,0.45,3.82,31.93
104,or-50-20-1-UC-40.cnf,100,250,12.27,119.90,0.35,3.16,38.30
105,or-50-20-2.cnf,100,250,5.61,54.26,112.44,151.41,1.25
106,or-50-20-2-UC-10.cnf,100,250,5.43,54.43,208.78,283.57,0.66
107,or-50-20-2-UC-20.cnf,100,250,5.4,54.05,9.99,20.03,4.85
108,or-50-20-2-UC-30.cnf,100,250,5.41,52.79,1.10,5.32,11.23
109,or-50-20-2-UC-40.cnf,100,250,5.71,54.66,0.53,4.03,13.99
110,or-50-20-3.cnf,100,250,5.83,57.90,170.25,238.11,0.77
111,or-50-20-3-UC-10.cnf,100,250,5.76,56.76,46.11,66.77,2.47
112,or-50-20-3-UC-20.cnf,100,250,5.63,57.40,0.52,3.88,15.41
113,or-50-20-3-UC-30.cnf,100,250,5.62,57.13,0.43,3.46,17.00
114,or-50-20-3-UC-40.cnf,100,250,5.81,57.67,0.34,3.16,18.39
115,or-50-20-4.cnf,100,250,3.21,32.89,43.20,64.27,1.41
116,or-50-20-4-UC-10.cnf,100,250,3.25,32.47,2.36,7.60,5.58
117,or-50-20-4-UC-20.cnf,100,250,3.3,32.88,0.98,4.83,7.68
118,or-50-20-4-UC-30.cnf,100,250,3.28,32.45,0.95,5.55,6.34
119,or-50-20-4-UC-40.cnf,100,250,3.22,32.33,0.55,4.26,7.85
120,or-50-20-5.cnf,100,250,9.99,101.95,263.20,341.77,1.17
121,or-50-20-5-UC-10.cnf,100,250,10.24,101.90,12.66,22.54,9.28
122,or-50-20-5-UC-20.cnf,100,250,10.22,101.52,5.23,12.87,11.95
123,or-50-20-5-UC-30.cnf,100,250,10.29,101.14,0.82,4.71,23.35
124,or-50-20-5-UC-40.cnf,100,250,10.02,100.93,0.42,3.63,28.32
125,or-50-20-6.cnf,100,250,5.48,55.79,92.37,133.72,1.22
126,or-50-20-6-UC-10.cnf,100,250,5.48,55.52,14.24,25.62,4.40
127,or-50-20-6-UC-20.cnf,100,250,5.75,56.03,1.11,4.83,13.52
128,or-50-20-6-UC-30.cnf,100,250,5.76,55.64,0.39,3.44,16.35
129,or-50-20-6-UC-40.cnf,100,250,5.59,55.65,0.29,2.94,18.89
130,or-50-20-7.cnf,100,250,10.19,100.36,409.85,525.60,0.78
131,or-50-20-7-UC-10.cnf,100,250,10.34,100.69,7.12,15.87,10.33
132,or-50-20-7-UC-20.cnf,100,250,10.16,101.16,0.89,5.56,19.49
133,or-50-20-7-UC-30.cnf,100,250,10.04,100.20,0.51,3.55,29.66
134,or-50-20-7-UC-40.cnf,100,250,9.87,100.12,0.31,2.97,33.93
135,or-50-20-8.cnf,100,250,8.35,83.38,429.87,544.89,0.65
136,or-50-20-8-UC-10.cnf,100,250,8.32,83.69,1.72,6.98,14.33
137,or-50-20-8-UC-20.cnf,100,250,8.39,83.84,0.83,4.36,21.37
138,or-50-20-8-UC-30.cnf,100,250,8.3,84.02,0.40,3.15,27.53
139,or-50-20-8-UC-40.cnf,100,250,8.28,82.87,0.37,3.13,27.03
140,or-50-20-9.cnf,100,250,10.15,101.72,277.70,387.17,0.84
141,or-50-20-9-UC-10.cnf,100,250,10.19,102.48,39.82,62.62,4.05
142,or-50-20-9-UC-20.cnf,100,250,10.09,101.80,0.60,4.22,25.33
143,or-50-20-9-UC-30.cnf,100,250,10.32,101.95,0.36,3.29,31.27
144,or-50-20-9-UC-40.cnf,100,250,10.37,102.72,0.30,2.80,36.94
145,or-50-5-10.cnf,100,250,6.65,64.76,136.30,196.26,0.97
146,or-50-5-10-UC-10.cnf,100,250,6.58,64.34,1.42,6.27,11.91
147,or-50-5-10-UC-20.cnf,100,250,6.43,64.43,0.48,3.87,17.11
148,or-50-5-10-UC-30.cnf,100,250,6.31,63.65,0.26,2.60,24.50
149,or-50-5-10-UC-40.cnf,100,250,6.32,63.65,0.21,2.24,28.24
150,or-50-5-1.cnf,100,250,7.18,72.76,141.47,201.45,1.09
151,or-50-5-1-UC-10.cnf,100,250,7.22,72.73,3.43,10.15,9.75
152,or-50-5-1-UC-20.cnf,100,250,7.21,72.33,0.66,4.28,17.99
153,or-50-5-1-UC-30.cnf,100,250,7.21,72.95,0.29,2.63,28.09
154,or-50-5-1-UC-40.cnf,100,250,7.18,72.36,0.26,2.88,24.88
155,or-50-5-2.cnf,100,250,23.76,230.64,MO,MO,?
156,or-50-5-2-UC-10.cnf,100,250,23.23,229.18,121.67,170.31,4.23
157,or-50-5-2-UC-20.cnf,100,250,23.27,226.79,1.68,6.93,38.77
158,or-50-5-2-UC-30.cnf,100,250,23.21,229.50,0.30,3.01,76.12
159,or-50-5-2-UC-40.cnf,100,250,23.01,225.74,0.32,3.26,68.96
160,or-50-5-3.cnf,100,250,6.38,62.90,215.28,273.41,0.97
161,or-50-5-3-UC-10.cnf,100,250,6.43,62.03,0.54,3.95,16.30
162,or-50-5-3-UC-20.cnf,100,250,6.59,63.35,0.31,2.87,22.17
163,or-50-5-3-UC-30.cnf,100,250,6.7,63.62,0.29,3.04,20.70
164,or-50-5-3-UC-40.cnf,100,250,6.37,63.46,0.27,2.84,22.21
165,or-50-5-4.cnf,100,250,10.06,101.15,183.25,231.31,1.90
166,or-50-5-4-UC-10.cnf,100,250,10.29,102.31,114.28,161.56,1.95
167,or-50-5-4-UC-20.cnf,100,250,10.17,102.83,7.20,14.63,12.47
168,or-50-5-4-UC-30.cnf,100,250,10.27,102.44,0.65,4.26,25.53
169,or-50-5-4-UC-40.cnf,100,250,10.12,102.92,0.31,3.04,33.99
170,or-50-5-5.cnf,100,250,8.61,87.69,307.41,393.50,0.92
171,or-50-5-5-UC-10.cnf,100,250,8.83,87.62,62.05,91.72,2.66
172,or-50-5-5-UC-20.cnf,100,250,8.91,87.69,1.22,6.44,15.09
173,or-50-5-5-UC-30.cnf,100,250,8.74,87.61,0.32,3.05,28.89
174,or-50-5-5-UC-40.cnf,100,250,8.66,87.62,0.25,2.87,30.14
175,or-50-5-6.cnf,100,250,7.57,75.73,279.39,387.91,0.63
176,or-50-5-6-UC-10.cnf,100,250,7.7,76.45,0.53,4.02,19.70
177,or-50-5-6-UC-20.cnf,100,250,7.53,75.06,0.31,3.14,23.86
178,or-50-5-6-UC-30.cnf,100,250,7.56,74.65,0.31,2.86,26.31
179,or-50-5-6-UC-40.cnf,100,250,7.53,76.15,0.23,2.40,31.62
180,or-50-5-7.cnf,100,250,13.6,134.68,291.53,368.83,1.57
181,or-50-5-7-UC-10.cnf,100,250,13.4,131.86,34.41,53.29,6.27
182,or-50-5-7-UC-20.cnf,100,250,13.35,133.09,0.79,4.71,30.55
183,or-50-5-7-UC-30.cnf,100,250,11.97,128.49,0.38,3.32,39.63
184,or-50-5-7-UC-40.cnf,100,250,13.61,135.51,0.29,2.70,50.58
185,or-50-5-8.cnf,100,250,14.01,141.25,MO,MO,?
186,or-50-5-8-UC-10.cnf,100,250,14.28,142.89,7.74,17.92,12.63
187,or-50-5-8-UC-20.cnf,100,250,13.86,141.26,0.81,4.60,33.61
188,or-50-5-8-UC-30.cnf,100,250,14.38,141.28,0.32,3.12,45.32
189,or-50-5-8-UC-40.cnf,100,250,13.99,141.90,0.30,2.84,50.36
190,or-50-5-9.cnf,100,250,8.05,80.91,MO,MO,?
191,or-50-5-9-UC-10.cnf,100,250,8.07,81.47,3.73,10.45,10.92
192,or-50-5-9-UC-20.cnf,100,250,8.15,81.09,0.95,5.67,15.45
193,or-50-5-9-UC-30.cnf,100,250,8.03,81.11,0.31,2.87,28.55
194,or-50-5-9-UC-40.cnf,100,250,8.26,81.49,0.28,2.65,30.90
195,blasted_case4.cnf,103,316,0.36,3.61,0.52,3.74,1.01
196,blasted_case11.cnf,105,371,0.07,0.69,0.36,3.28,0.21
197,sat-grid-pbl-0010.cnf,110,191,MO,MO,461.87,470.43,?
198,ais8.cnf,113,1520,0.06,0.59,0.36,3.25,0.18
199,blasted_case43.cnf,116,421,0.18,1.83,0.41,3.42,0.55
200,blasted_case45.cnf,116,421,0.19,1.77,0.36,3.40,0.52
201,blasted_case7.cnf,116,365,0.23,2.54,0.37,3.11,0.84
202,medium.cnf,116,953,0.0,0.05,0.30,3.05,0.02
203,blasted_case47.cnf,118,328,0.13,1.35,0.36,3.28,0.42
204,or-60-10-10.cnf,120,300,41.66,420.04,MO,MO,?
205,or-60-10-10-UC-10.cnf,120,300,42.32,417.78,159.13,233.79,5.03
206,or-60-10-10-UC-20.cnf,120,300,43.22,422.17,0.95,5.55,82.38
207,or-60-10-10-UC-30.cnf,120,300,42.02,420.29,0.43,3.65,117.48
208,or-60-10-10-UC-40.cnf,120,300,43.34,416.03,0.31,3.03,137.02
209,or-60-10-1.cnf,120,300,145.68,1460.95,MO,MO,?
210,or-60-10-1-UC-10.cnf,120,300,145.62,1457.13,131.14,176.10,29.17
211,or-60-10-1-UC-20.cnf,120,300,144.54,1456.51,15.87,29.04,99.62
212,or-60-10-1-UC-30.cnf,120,300,144.91,1457.01,1.59,6.51,266.69
213,or-60-10-1-UC-40.cnf,120,300,147.12,1458.46,0.62,4.45,342.39
214,or-60-10-2.cnf,120,300,48.99,487.53,MO,MO,?
215,or-60-10-2-UC-10.cnf,120,300,48.38,485.19,39.51,58.10,23.50
216,or-60-10-2-UC-20.cnf,120,300,48.38,484.52,9.33,18.36,48.30
217,or-60-10-2-UC-30.cnf,120,300,48.25,467.41,0.33,3.24,144.04
218,or-60-10-2-UC-40.cnf,120,300,49.41,487.20,0.32,3.21,151.48
219,or-60-10-3.cnf,120,300,116.95,1154.97,MO,MO,?
220,or-60-10-3-UC-10.cnf,120,300,114.52,1154.42,516.55,620.67,9.99
221,or-60-10-3-UC-20.cnf,120,300,103.64,1143.01,8.55,17.19,120.30
222,or-60-10-3-UC-30.cnf,120,300,114.89,1158.95,1.43,6.08,224.53
223,or-60-10-3-UC-40.cnf,120,300,115.45,1155.04,0.70,4.70,259.90
224,or-60-10-4.cnf,120,300,95.49,932.43,MO,MO,?
225,or-60-10-4-UC-10.cnf,120,300,93.76,905.92,17.92,32.91,54.18
226,or-60-10-4-UC-20.cnf,120,300,92.08,934.85,0.49,3.95,243.58
227,or-60-10-4-UC-30.cnf,120,300,92.43,930.47,0.31,2.97,315.05
228,or-60-10-4-UC-40.cnf,120,300,92.37,925.06,0.29,3.02,305.01
229,or-60-10-5.cnf,120,300,44.77,435.13,MO,MO,?
230,or-60-10-5-UC-10.cnf,120,300,43.03,433.22,5.13,13.38,47.30
231,or-60-10-5-UC-20.cnf,120,300,43.42,434.94,0.48,3.97,112.18
232,or-60-10-5-UC-30.cnf,120,300,44.58,435.34,0.38,3.47,126.46
233,or-60-10-5-UC-40.cnf,120,300,42.97,436.27,0.34,3.18,138.49
234,or-60-10-6.cnf,120,300,49.5,509.09,MO,MO,?
235,or-60-10-6-UC-10.cnf,120,300,50.87,512.64,343.78,430.47,5.33
236,or-60-10-6-UC-20.cnf,120,300,50.96,512.07,0.70,4.94,108.75
237,or-60-10-6-UC-30.cnf,120,300,51.7,515.06,0.43,3.89,133.92
238,or-60-10-6-UC-40.cnf,120,300,51.28,505.66,0.29,2.58,198.42
239,or-60-10-7.cnf,120,300,103.36,1040.01,MO,MO,?
240,or-60-10-7-UC-10.cnf,120,300,104.06,1046.75,15.30,29.93,64.44
241,or-60-10-7-UC-20.cnf,120,300,104.1,1045.44,0.89,5.12,222.54
242,or-60-10-7-UC-30.cnf,120,300,105.76,1053.83,0.40,3.78,280.49
243,or-60-10-7-UC-40.cnf,120,300,107.74,1039.02,0.30,2.96,350.11
244,or-60-10-8.cnf,120,300,73.42,741.06,MO,MO,?
245,or-60-10-8-UC-10.cnf,120,300,68.55,721.06,1.68,7.33,115.49
246,or-60-10-8-UC-20.cnf,120,300,73.42,734.10,1.32,6.35,131.35
247,or-60-10-8-UC-30.cnf,120,300,73.8,710.92,0.39,3.50,204.86
248,or-60-10-8-UC-40.cnf,120,300,74.88,732.16,0.26,2.64,276.17
249,or-60-10-9.cnf,120,300,105.78,1055.71,MO,MO,?
250,or-60-10-9-UC-10.cnf,120,300,105.79,1060.30,7.74,18.59,87.97
251,or-60-10-9-UC-20.cnf,120,300,109.96,1076.34,0.46,3.68,300.12
252,or-60-10-9-UC-30.cnf,120,300,107.17,1073.19,0.31,2.99,360.46
253,or-60-10-9-UC-40.cnf,120,300,107.44,1042.49,0.32,2.99,350.21
254,or-60-20-10.cnf,120,300,52.67,519.00,MO,MO,?
255,or-60-20-10-UC-10.cnf,120,300,53.16,522.69,445.79,563.57,3.99
256,or-60-20-10-UC-20.cnf,120,300,51.53,520.48,35.54,54.37,24.90
257,or-60-20-10-UC-30.cnf,120,300,51.95,521.14,1.29,6.22,95.17
258,or-60-20-10-UC-40.cnf,120,300,51.31,518.92,0.73,4.84,113.77
259,or-60-20-1.cnf,120,300,27.37,268.50,MO,MO,?
260,or-60-20-1-UC-10.cnf,120,300,27.45,275.09,257.16,324.58,3.67
261,or-60-20-1-UC-20.cnf,120,300,27.62,274.64,1.33,6.50,47.78
262,or-60-20-1-UC-30.cnf,120,300,27.95,276.27,0.55,4.09,70.15
263,or-60-20-1-UC-40.cnf,120,300,24.06,261.05,0.56,4.22,64.75
264,or-60-20-2.cnf,120,300,59.94,595.36,MO,MO,?
265,or-60-20-2-UC-10.cnf,120,300,59.99,596.78,358.87,441.77,6.48
266,or-60-20-2-UC-20.cnf,120,300,52.42,587.84,3.78,9.97,86.50
267,or-60-20-2-UC-30.cnf,120,300,58.88,597.66,0.32,3.02,199.55
268,or-60-20-2-UC-40.cnf,120,300,57.83,569.45,0.31,3.00,190.19
269,or-60-20-3.cnf,120,300,46.14,461.27,MO,MO,?
270,or-60-20-3-UC-10.cnf,120,300,45.54,460.35,5.95,12.59,62.47
271,or-60-20-3-UC-20.cnf,120,300,45.98,459.49,1.07,5.64,90.48
272,or-60-20-3-UC-30.cnf,120,300,45.66,455.02,0.67,4.58,104.70
273,or-60-20-3-UC-40.cnf,120,300,46.47,454.40,0.42,3.50,132.44
274,or-60-20-4.cnf,120,300,49.95,496.42,MO,MO,?
275,or-60-20-4-UC-10.cnf,120,300,49.09,500.10,447.86,548.96,4.46
276,or-60-20-4-UC-20.cnf,120,300,50.54,482.22,70.02,94.74,17.46
277,or-60-20-4-UC-30.cnf,120,300,49.27,495.78,6.93,15.92,49.67
278,or-60-20-4-UC-40.cnf,120,300,48.93,492.24,3.60,9.34,77.23
279,or-60-20-5.cnf,120,300,49.14,494.95,MO,MO,?
280,or-60-20-5-UC-10.cnf,120,300,49.32,495.37,MO,MO,?
281,or-60-20-5-UC-20.cnf,120,300,50.27,498.29,633.34,778.70,3.08
282,or-60-20-5-UC-30.cnf,120,300,49.1,494.88,28.65,46.16,25.46
283,or-60-20-5-UC-40.cnf,120,300,50.53,498.38,1.07,5.63,98.21
284,or-60-20-6.cnf,120,300,52.04,523.97,MO,MO,?
285,or-60-20-6-UC-10.cnf,120,300,51.93,522.23,MO,MO,?
286,or-60-20-6-UC-20.cnf,120,300,49.33,515.22,179.57,258.66,5.89
287,or-60-20-6-UC-30.cnf,120,300,53.81,528.27,13.77,23.02,51.29
288,or-60-20-6-UC-40.cnf,120,300,52.51,526.49,3.11,9.32,76.33
289,or-60-20-7.cnf,120,300,88.24,887.20,MO,MO,?
290,or-60-20-7-UC-10.cnf,120,300,88.82,890.50,MO,MO,?
291,or-60-20-7-UC-20.cnf,120,300,78.49,873.23,268.40,365.30,8.20
292,or-60-20-7-UC-30.cnf,120,300,88.82,890.75,3.40,10.11,119.51
293,or-60-20-7-UC-40.cnf,120,300,88.16,891.20,0.39,3.42,265.03
294,or-60-20-8.cnf,120,300,28.11,278.61,MO,MO,?
295,or-60-20-8-UC-10.cnf,120,300,27.83,279.72,67.16,95.46,8.90
296,or-60-20-8-UC-20.cnf,120,300,27.88,284.94,0.57,4.25,69.85
297,or-60-20-8-UC-30.cnf,120,300,27.87,281.54,0.36,3.32,85.70
298,or-60-20-8-UC-40.cnf,120,300,28.13,280.81,0.29,3.00,93.24
299,or-60-20-9.cnf,120,300,59.81,596.05,MO,MO,?
300,or-60-20-9-UC-10.cnf,120,300,58.71,593.36,39.55,56.15,32.21
301,or-60-20-9-UC-20.cnf,120,300,58.09,576.23,0.61,4.49,133.54
302,or-60-20-9-UC-30.cnf,120,300,59.81,594.10,0.32,2.98,200.86
303,or-60-20-9-UC-40.cnf,120,300,59.63,592.81,0.32,3.21,184.49
304,or-60-5-10.cnf,120,300,71.75,707.76,MO,MO,?
305,or-60-5-10-UC-10.cnf,120,300,71.61,712.93,2.06,7.58,116.18
306,or-60-5-10-UC-20.cnf,120,300,70.37,711.77,0.89,5.49,139.43
307,or-60-5-10-UC-30.cnf,120,300,70.61,708.25,0.34,3.23,220.64
308,or-60-5-10-UC-40.cnf,120,300,70.46,709.94,0.30,3.14,225.17
309,or-60-5-1.cnf,120,300,92.46,915.98,MO,MO,?
310,or-60-5-1-UC-10.cnf,120,300,91.86,916.92,1.95,7.66,144.49
311,or-60-5-1-UC-20.cnf,120,300,90.42,909.29,1.52,6.81,154.80
312,or-60-5-1-UC-30.cnf,120,300,90.74,913.32,0.45,3.86,241.23
313,or-60-5-1-UC-40.cnf,120,300,92.65,921.25,0.34,3.28,281.84
314,or-60-5-2.cnf,120,300,59.52,599.95,MO,MO,?
315,or-60-5-2-UC-10.cnf,120,300,59.7,602.77,9.77,17.38,71.36
316,or-60-5-2-UC-20.cnf,120,300,60.19,598.97,0.63,4.59,136.06
317,or-60-5-2-UC-30.cnf,120,300,60.82,603.03,0.42,3.60,170.51
318,or-60-5-2-UC-40.cnf,120,300,60.22,605.08,0.34,3.19,191.18
319,or-60-5-3.cnf,120,300,69.93,701.02,MO,MO,?
320,or-60-5-3-UC-10.cnf,120,300,69.9,697.45,248.46,319.60,8.82
321,or-60-5-3-UC-20.cnf,120,300,69.63,698.75,5.76,13.71,79.13
322,or-60-5-3-UC-30.cnf,120,300,65.57,680.08,0.30,2.77,248.79
323,or-60-5-3-UC-40.cnf,120,300,69.62,696.71,0.33,3.10,226.39
324,or-60-5-4.cnf,120,300,26.1,261.61,MO,MO,?
325,or-60-5-4-UC-10.cnf,120,300,26.04,263.86,1.13,5.28,57.31
326,or-60-5-4-UC-20.cnf,120,300,26.11,266.68,0.36,3.31,81.55
327,or-60-5-4-UC-30.cnf,120,300,26.16,261.98,0.32,3.16,83.04
328,or-60-5-4-UC-40.cnf,120,300,27.06,265.12,0.27,2.89,90.86
329,or-60-5-5.cnf,120,300,38.53,382.93,MO,MO,?
330,or-60-5-5-UC-10.cnf,120,300,37.79,370.52,8.01,16.93,37.30
331,or-60-5-5-UC-20.cnf,120,300,37.87,382.07,0.33,3.04,127.01
332,or-60-5-5-UC-30.cnf,120,300,38.77,383.39,0.33,2.91,133.57
333,or-60-5-5-UC-40.cnf,120,300,37.99,380.32,0.29,2.75,139.16
334,or-60-5-6.cnf,120,300,138.22,1368.56,MO,MO,?
335,or-60-5-6-UC-10.cnf,120,300,136.37,1374.28,14.92,25.69,114.94
336,or-60-5-6-UC-20.cnf,120,300,137.78,1382.32,0.35,3.44,402.76
337,or-60-5-6-UC-30.cnf,120,300,137.66,1358.72,0.27,3.13,426.94
338,or-60-5-6-UC-40.cnf,120,300,139.25,1383.85,0.31,3.03,457.57
339,or-60-5-7.cnf,120,300,28.93,287.91,MO,MO,?
340,or-60-5-7-UC-10.cnf,120,300,28.7,289.43,2.83,8.88,43.10
341,or-60-5-7-UC-20.cnf,120,300,28.78,291.03,0.43,3.37,89.20
342,or-60-5-7-UC-30.cnf,120,300,28.75,289.13,0.34,3.33,87.08
343,or-60-5-7-UC-40.cnf,120,300,28.77,290.48,0.29,2.57,114.79
344,or-60-5-8.cnf,120,300,77.7,780.59,MO,MO,?
345,or-60-5-8-UC-10.cnf,120,300,78.01,786.67,143.39,189.80,15.27
346,or-60-5-8-UC-20.cnf,120,300,77.18,775.07,0.41,3.69,212.77
347,or-60-5-8-UC-30.cnf,120,300,78.6,781.58,0.36,3.25,243.25
348,or-60-5-8-UC-40.cnf,120,300,77.84,779.49,0.32,3.18,245.33
349,or-60-5-9.cnf,120,300,46.82,449.75,MO,MO,?
350,or-60-5-9-UC-10.cnf,120,300,46.41,462.65,8.32,18.21,42.09
351,or-60-5-9-UC-20.cnf,120,300,45.85,461.57,0.47,3.90,121.20
352,or-60-5-9-UC-30.cnf,120,300,46.63,459.25,0.35,3.57,128.14
353,or-60-5-9-UC-40.cnf,120,300,46.43,460.06,0.33,3.22,143.12
354,2bitcomp_5.cnf,125,310,0.68,6.73,3.02,10.14,0.85
355,blasted_case21.cnf,126,411,0.12,1.26,0.35,3.18,0.40
356,blasted_case22.cnf,126,411,0.12,1.26,0.41,3.77,0.34
357,blasted_case51.cnf,132,395,0.17,1.67,0.38,3.56,0.47
358,blasted_case52.cnf,132,395,0.15,1.65,0.38,3.09,0.55
359,blasted_case53.cnf,132,395,0.16,1.57,0.35,3.44,0.46
360,blasted_case124.cnf,133,386,0.36,3.75,0.46,3.52,1.11
361,blasted_case112.cnf,137,520,0.15,1.71,0.39,3.40,0.52
362,or-70-10-10.cnf,140,350,TO,TO,TO,TO,?
363,or-70-10-10-UC-10.cnf,140,350,TO,TO,535.91,640.06,?
364,or-70-10-10-UC-20.cnf,140,350,TO,TO,2.15,7.96,?
365,or-70-10-10-UC-30.cnf,140,350,TO,TO,0.38,3.41,?
366,or-70-10-10-UC-40.cnf,140,350,TO,TO,0.35,3.40,?
367,or-70-10-1.cnf,140,350,219.85,2094.01,MO,MO,?
368,or-70-10-1-UC-10.cnf,140,350,217.88,2175.35,33.25,51.17,109.23
369,or-70-10-1-UC-20.cnf,140,350,217.77,2179.51,0.80,5.65,404.48
370,or-70-10-1-UC-30.cnf,140,350,217.08,2178.60,0.59,4.76,470.39
371,or-70-10-1-UC-40.cnf,140,350,221.49,2182.11,0.31,3.06,712.95
372,or-70-10-2.cnf,140,350,348.23,3501.14,TO,TO,?
373,or-70-10-2-UC-10.cnf,140,350,353.18,3437.64,MO,MO,?
374,or-70-10-2-UC-20.cnf,140,350,346.89,3491.54,6.81,16.67,318.93
375,or-70-10-2-UC-30.cnf,140,350,350.79,3471.52,0.49,3.86,926.03
376,or-70-10-2-UC-40.cnf,140,350,356.08,3503.73,0.31,3.18,1096.74
377,or-70-10-3.cnf,140,350,495.48,4836.25,TO,TO,?
378,or-70-10-3-UC-10.cnf,140,350,481.69,4816.45,12.26,24.90,342.94
379,or-70-10-3-UC-20.cnf,140,350,485.69,4825.55,1.24,6.28,861.08
380,or-70-10-3-UC-30.cnf,140,350,487.69,4823.28,0.34,3.30,1464.73
381,or-70-10-3-UC-40.cnf,140,350,485.69,4845.51,0.36,3.26,1503.39
382,or-70-10-4.cnf,140,350,235.78,2350.12,MO,MO,?
383,or-70-10-4-UC-10.cnf,140,350,207.8,2325.02,MO,MO,?
384,or-70-10-4-UC-20.cnf,140,350,233.26,2357.72,346.75,419.19,29.33
385,or-70-10-4-UC-30.cnf,140,350,232.48,2348.09,118.00,172.92,38.52
386,or-70-10-4-UC-40.cnf,140,350,235.44,2358.53,0.72,4.86,512.82
387,or-70-10-5.cnf,140,350,500.28,5028.96,MO,MO,?
388,or-70-10-5-UC-10.cnf,140,350,510.94,5071.84,298.21,392.29,48.48
389,or-70-10-5-UC-20.cnf,140,350,501.76,5076.43,1.71,7.39,805.40
390,or-70-10-5-UC-30.cnf,140,350,506.62,4961.96,0.37,3.32,1510.28
391,or-70-10-5-UC-40.cnf,140,350,501.75,5053.72,0.34,3.34,1517.32
392,or-70-10-6.cnf,140,350,377.58,4188.23,MO,MO,?
393,or-70-10-6-UC-10.cnf,140,350,423.44,4158.65,169.89,217.92,77.77
394,or-70-10-6-UC-20.cnf,140,350,427.96,4262.31,4.45,10.24,662.24
395,or-70-10-6-UC-30.cnf,140,350,425.81,4246.85,0.35,3.42,1244.64
396,or-70-10-6-UC-40.cnf,140,350,435.34,4286.94,0.30,3.27,1296.84
397,or-70-10-7.cnf,140,350,TO,TO,TO,TO,?
398,or-70-10-7-UC-10.cnf,140,350,TO,TO,MO,MO,?
399,or-70-10-7-UC-20.cnf,140,350,TO,TO,21.10,37.41,?
400,or-70-10-7-UC-30.cnf,140,350,TO,TO,0.70,4.80,?
401,or-70-10-7-UC-40.cnf,140,350,TO,TO,0.39,3.28,?
402,or-70-10-8.cnf,140,350,431.11,4305.60,TO,TO,?
403,or-70-10-8-UC-10.cnf,140,350,395.35,4277.97,11.12,20.89,397.40
404,or-70-10-8-UC-20.cnf,140,350,428.82,4249.48,0.49,4.13,1049.63
405,or-70-10-8-UC-30.cnf,140,350,435.95,4336.77,0.28,2.62,1667.02
406,or-70-10-8-UC-40.cnf,140,350,430.66,4186.91,0.32,3.18,1313.37
407,or-70-10-9.cnf,140,350,355.77,3576.96,MO,MO,?
408,or-70-10-9-UC-10.cnf,140,350,359.96,3589.41,9.61,18.62,358.43
409,or-70-10-9-UC-20.cnf,140,350,354.37,3572.75,0.50,3.92,941.05
410,or-70-10-9-UC-30.cnf,140,350,357.41,3568.62,0.57,4.29,863.23
411,or-70-10-9-UC-40.cnf,140,350,354.05,3565.35,0.36,3.52,1016.23
412,or-70-20-10.cnf,140,350,534.63,5391.01,TO,TO,?
413,or-70-20-10-UC-10.cnf,140,350,539.89,5403.70,MO,MO,?
414,or-70-20-10-UC-20.cnf,140,350,538.56,5406.89,MO,MO,?
415,or-70-20-10-UC-30.cnf,140,350,541.6,5421.11,118.79,156.00,131.13
416,or-70-20-10-UC-40.cnf,140,350,535.58,5400.85,1.65,6.98,912.81
417,or-70-20-1.cnf,140,350,TO,TO,TO,TO,?
418,or-70-20-1-UC-10.cnf,140,350,TO,TO,70.22,92.77,?
419,or-70-20-1-UC-20.cnf,140,350,TO,TO,5.63,13.93,?
420,or-70-20-1-UC-30.cnf,140,350,TO,TO,6.63,13.82,?
421,or-70-20-1-UC-40.cnf,140,350,TO,TO,2.38,8.04,?
422,or-70-20-2.cnf,140,350,TO,TO,MO,MO,?
423,or-70-20-2-UC-10.cnf,140,350,TO,TO,190.39,249.36,?
424,or-70-20-2-UC-20.cnf,140,350,TO,TO,61.30,87.11,?
425,or-70-20-2-UC-30.cnf,140,350,TO,TO,8.41,17.27,?
426,or-70-20-2-UC-40.cnf,140,350,TO,TO,0.59,4.09,?
427,or-70-20-3.cnf,140,350,635.44,6318.49,TO,TO,?
428,or-70-20-3-UC-10.cnf,140,350,629.14,6361.58,MO,MO,?
429,or-70-20-3-UC-20.cnf,140,350,637.6,6320.51,376.66,451.02,76.42
430,or-70-20-3-UC-30.cnf,140,350,633.73,6343.33,51.17,76.96,221.39
431,or-70-20-3-UC-40.cnf,140,350,635.48,6316.29,1.26,6.13,1166.49
432,or-70-20-4.cnf,140,350,TO,TO,TO,TO,?
433,or-70-20-4-UC-10.cnf,140,350,TO,TO,MO,MO,?
434,or-70-20-4-UC-20.cnf,140,350,TO,TO,MO,MO,?
435,or-70-20-4-UC-30.cnf,140,350,TO,TO,0.87,5.07,?
436,or-70-20-4-UC-40.cnf,140,350,TO,TO,0.35,3.20,?
437,or-70-20-5.cnf,140,350,289.7,2844.10,MO,MO,?
438,or-70-20-5-UC-10.cnf,140,350,289.31,2903.23,MO,MO,?
439,or-70-20-5-UC-20.cnf,140,350,295.87,2914.55,353.25,455.66,25.57
440,or-70-20-5-UC-30.cnf,140,350,291.73,2904.76,25.55,40.63,173.28
441,or-70-20-5-UC-40.cnf,140,350,288.23,2906.21,1.25,6.13,536.47
442,or-70-20-6.cnf,140,350,668.63,6663.70,TO,TO,?
443,or-70-20-6-UC-10.cnf,140,350,680.01,6716.50,552.99,655.46,58.91
444,or-70-20-6-UC-20.cnf,140,350,664.2,6667.60,4.20,11.16,862.56
445,or-70-20-6-UC-30.cnf,140,350,663.22,6699.59,0.41,3.59,1898.23
446,or-70-20-6-UC-40.cnf,140,350,661.51,6676.41,0.32,3.47,1909.49
447,or-70-20-7.cnf,140,350,319.4,3162.08,TO,TO,?
448,or-70-20-7-UC-10.cnf,140,350,321.12,3125.63,367.22,463.10,29.25
449,or-70-20-7-UC-20.cnf,140,350,322.26,3237.30,138.60,190.71,55.94
450,or-70-20-7-UC-30.cnf,140,350,320.53,3220.03,1.19,6.10,590.53
451,or-70-20-7-UC-40.cnf,140,350,319.13,3222.82,0.74,4.84,708.22
452,or-70-20-8.cnf,140,350,381.41,3774.55,MO,MO,?
453,or-70-20-8-UC-10.cnf,140,350,371.81,3738.93,MO,MO,?
454,or-70-20-8-UC-20.cnf,140,350,370.93,3770.52,MO,MO,?
455,or-70-20-8-UC-30.cnf,140,350,378.81,3767.58,27.31,49.05,155.88
456,or-70-20-8-UC-40.cnf,140,350,379.44,3758.42,1.67,6.30,729.80
457,or-70-20-9.cnf,140,350,307.07,2946.26,TO,TO,?
458,or-70-20-9-UC-10.cnf,140,350,305.47,3014.32,6.22,13.54,370.06
459,or-70-20-9-UC-20.cnf,140,350,303.7,3020.34,0.48,3.96,780.64
460,or-70-20-9-UC-30.cnf,140,350,303.75,3018.82,0.38,3.82,789.26
461,or-70-20-9-UC-40.cnf,140,350,301.19,3028.26,0.32,3.27,924.43
462,or-70-5-10.cnf,140,350,346.18,3500.19,MO,MO,?
463,or-70-5-10-UC-10.cnf,140,350,349.81,3493.29,56.08,84.83,109.34
464,or-70-5-10-UC-20.cnf,140,350,350.47,3492.35,1.77,7.69,530.72
465,or-70-5-10-UC-30.cnf,140,350,351.31,3491.20,0.51,4.22,846.33
466,or-70-5-10-UC-40.cnf,140,350,348.96,3435.25,0.33,3.25,1056.95
467,or-70-5-1.cnf,140,350,189.45,1855.99,MO,MO,?
468,or-70-5-1-UC-10.cnf,140,350,191.55,1900.05,84.59,123.50,43.91
469,or-70-5-1-UC-20.cnf,140,350,189.86,1902.37,0.36,3.50,545.39
470,or-70-5-1-UC-30.cnf,140,350,190.28,1900.10,0.31,3.17,597.84
471,or-70-5-1-UC-40.cnf,140,350,188.28,1893.69,0.31,3.25,580.07
472,or-70-5-2.cnf,140,350,241.38,2400.04,MO,MO,?
473,or-70-5-2-UC-10.cnf,140,350,234.29,2344.97,187.43,231.16,48.27
474,or-70-5-2-UC-20.cnf,140,350,234.48,2364.42,2.97,8.99,353.81
475,or-70-5-2-UC-30.cnf,140,350,240.42,2377.21,0.38,3.36,717.04
476,or-70-5-2-UC-40.cnf,140,350,236.46,2309.36,0.30,2.83,819.33
477,or-70-5-3.cnf,140,350,TO,TO,MO,MO,?
478,or-70-5-3-UC-10.cnf,140,350,TO,TO,0.64,4.54,?
479,or-70-5-3-UC-20.cnf,140,350,TO,TO,0.39,3.41,?
480,or-70-5-3-UC-30.cnf,140,350,TO,TO,0.37,3.66,?
481,or-70-5-3-UC-40.cnf,140,350,TO,TO,0.34,3.26,?
482,or-70-5-4.cnf,140,350,550.1,5446.08,MO,MO,?
483,or-70-5-4-UC-10.cnf,140,350,560.94,5599.10,298.03,392.36,53.41
484,or-70-5-4-UC-20.cnf,140,350,552.45,5500.77,6.04,13.92,627.96
485,or-70-5-4-UC-30.cnf,140,350,565.35,5559.53,1.53,6.40,1025.50
486,or-70-5-4-UC-40.cnf,140,350,554.02,5557.49,0.39,3.23,1761.79
487,or-70-5-5.cnf,140,350,TO,TO,TO,TO,?
488,or-70-5-5-UC-10.cnf,140,350,TO,TO,17.76,31.14,?
489,or-70-5-5-UC-20.cnf,140,350,TO,TO,6.13,14.83,?
490,or-70-5-5-UC-30.cnf,140,350,TO,TO,0.34,3.34,?
491,or-70-5-5-UC-40.cnf,140,350,TO,TO,0.35,3.54,?
492,or-70-5-6.cnf,140,350,TO,TO,TO,TO,?
493,or-70-5-6-UC-10.cnf,140,350,TO,TO,MO,MO,?
494,or-70-5-6-UC-20.cnf,140,350,TO,TO,4.62,11.83,?
495,or-70-5-6-UC-30.cnf,140,350,TO,TO,0.54,4.09,?
496,or-70-5-6-UC-40.cnf,140,350,TO,TO,0.33,3.28,?
497,or-70-5-7.cnf,140,350,198.46,1989.20,MO,MO,?
498,or-70-5-7-UC-10.cnf,140,350,197.66,1993.85,226.94,294.52,26.58
499,or-70-5-7-UC-20.cnf,140,350,197.74,1987.46,2.82,9.81,256.04
500,or-70-5-7-UC-30.cnf,140,350,197.0,1998.36,0.35,3.29,612.71
501,or-70-5-7-UC-40.cnf,140,350,203.47,1986.06,0.32,3.18,623.28
502,or-70-5-8.cnf,140,350,463.72,4752.85,TO,TO,?
503,or-70-5-8-UC-10.cnf,140,350,484.25,4788.14,50.18,72.98,188.77
504,or-70-5-8-UC-20.cnf,140,350,479.15,4765.25,3.84,11.58,553.76
505,or-70-5-8-UC-30.cnf,140,350,481.72,4785.02,0.33,3.39,1406.31
506,or-70-5-8-UC-40.cnf,140,350,481.54,4798.89,0.32,3.14,1530.98
507,or-70-5-9.cnf,140,350,TO,TO,TO,TO,?
508,or-70-5-9-UC-10.cnf,140,350,TO,TO,1.94,8.00,?
509,or-70-5-9-UC-20.cnf,140,350,TO,TO,0.50,4.20,?
510,or-70-5-9-UC-30.cnf,140,350,TO,TO,0.32,2.97,?
511,or-70-5-9-UC-40.cnf,140,350,TO,TO,0.27,2.59,?
512,blasted_case38.cnf,143,568,0.12,1.11,0.40,3.90,0.28
513,blasted_case55.cnf,149,442,0.15,1.45,0.38,3.59,0.40
514,blasted_case8.cnf,160,525,0.71,6.26,0.58,4.42,1.45
515,4step.cnf,165,418,0.01,0.14,0.39,3.82,0.04
516,blasted_case105.cnf,170,407,7.05,69.72,0.51,4.08,17.55
517,blasted_case44.cnf,173,651,0.31,3.21,0.54,4.44,0.74
518,blasted_case46.cnf,176,660,0.36,3.35,0.67,4.90,0.71
519,blasted_case5.cnf,176,518,0.68,7.12,0.68,4.82,1.56
520,5step.cnf,177,475,0.01,0.06,0.48,4.65,0.01
521,blasted_case68.cnf,178,553,0.61,6.04,2.79,11.42,0.63
522,ais10.cnf,181,3151,5.3,52.75,3.07,7.84,9.95
523,blasted_case1.cnf,187,681,0.16,1.76,0.48,4.15,0.44
524,s400.bench.cnf,189,486,0.16,1.74,0.54,4.44,0.41
525,20_rd_r45.cnf,190,20349,TO,TO,MO,MO,?
526,bugsynthesisc2.cnf,190,219,0.0,0.09,0.43,3.99,0.03
527,bugsynthesisnc26.cnf,190,248,0.0,0.05,0.45,4.50,0.01
528,bugsynthesisnc27.cnf,190,248,0.0,0.03,0.44,4.18,0.01
529,bugsynthesisnc28.cnf,190,248,0.0,0.01,0.44,4.31,0.00
530,c432.isc.cnf,196,514,0.3,3.06,0.78,5.34,0.61
531,s344_3_2.cnf,197,464,0.14,1.56,0.61,4.71,0.35
532,s349_3_2.cnf,198,469,0.12,1.24,0.49,4.15,0.31
533,blasted_case201.cnf,200,544,0.74,7.19,0.52,4.62,1.57
534,blasted_case202.cnf,200,544,0.67,6.84,0.59,4.60,1.54
535,fphp-010-020.cnf,200,2810,MO,MO,TO,TO,?
536,or-100-10-10.cnf,200,500,TO,TO,MO,MO,?
537,or-100-10-10-UC-10.cnf,200,500,TO,TO,MO,MO,?
538,or-100-10-10-UC-20.cnf,200,500,TO,TO,1.90,8.76,?
539,or-100-10-10-UC-30.cnf,200,500,TO,TO,0.59,4.69,?
540,or-100-10-10-UC-40.cnf,200,500,TO,TO,0.41,4.04,?
541,or-100-10-10-UC-50.cnf,200,500,TO,TO,0.48,3.95,?
542,or-100-10-10-UC-60.cnf,200,500,TO,TO,0.38,4.03,?
543,or-100-10-1.cnf,200,500,TO,TO,MO,MO,?
544,or-100-10-1-UC-10.cnf,200,500,TO,TO,MO,MO,?
545,or-100-10-1-UC-20.cnf,200,500,TO,TO,8.18,18.76,?
546,or-100-10-1-UC-30.cnf,200,500,TO,TO,0.54,4.79,?
547,or-100-10-1-UC-40.cnf,200,500,TO,TO,0.41,3.87,?
548,or-100-10-1-UC-50.cnf,200,500,TO,TO,0.41,4.09,?
549,or-100-10-1-UC-60.cnf,200,500,TO,TO,0.39,3.76,?
550,or-100-10-2.cnf,200,500,TO,TO,MO,MO,?
551,or-100-10-2-UC-10.cnf,200,500,TO,TO,MO,MO,?
552,or-100-10-2-UC-20.cnf,200,500,TO,TO,139.12,174.68,?
553,or-100-10-2-UC-30.cnf,200,500,TO,TO,16.07,31.17,?
554,or-100-10-2-UC-40.cnf,200,500,TO,TO,0.43,4.33,?
555,or-100-10-2-UC-50.cnf,200,500,TO,TO,0.42,3.88,?
556,or-100-10-2-UC-60.cnf,200,500,TO,TO,0.39,3.82,?
557,or-100-10-3.cnf,200,500,TO,TO,TO,TO,?
558,or-100-10-3-UC-10.cnf,200,500,TO,TO,MO,MO,?
559,or-100-10-3-UC-20.cnf,200,500,TO,TO,MO,MO,?
560,or-100-10-3-UC-30.cnf,200,500,TO,TO,3.71,11.38,?
561,or-100-10-3-UC-40.cnf,200,500,TO,TO,0.40,3.95,?
562,or-100-10-3-UC-50.cnf,200,500,TO,TO,0.40,3.90,?
563,or-100-10-3-UC-60.cnf,200,500,TO,TO,0.36,3.78,?
564,or-100-10-4.cnf,200,500,TO,TO,TO,TO,?
565,or-100-10-4-UC-10.cnf,200,500,TO,TO,MO,MO,?
566,or-100-10-4-UC-20.cnf,200,500,TO,TO,371.39,435.10,?
567,or-100-10-4-UC-30.cnf,200,500,TO,TO,2.30,9.09,?
568,or-100-10-4-UC-40.cnf,200,500,TO,TO,0.57,4.80,?
569,or-100-10-4-UC-50.cnf,200,500,TO,TO,0.39,3.74,?
570,or-100-10-4-UC-60.cnf,200,500,TO,TO,0.38,3.66,?
571,or-100-10-5.cnf,200,500,TO,TO,TO,TO,?
572,or-100-10-5-UC-10.cnf,200,500,TO,TO,MO,MO,?
573,or-100-10-5-UC-20.cnf,200,500,TO,TO,197.82,263.37,?
574,or-100-10-5-UC-30.cnf,200,500,TO,TO,16.00,29.06,?
575,or-100-10-5-UC-40.cnf,200,500,TO,TO,0.94,6.63,?
576,or-100-10-5-UC-50.cnf,200,500,TO,TO,0.39,3.58,?
577,or-100-10-5-UC-60.cnf,200,500,TO,TO,0.39,3.97,?
578,or-100-10-6.cnf,200,500,TO,TO,MO,MO,?
579,or-100-10-6-UC-10.cnf,200,500,TO,TO,MO,MO,?
580,or-100-10-6-UC-20.cnf,200,500,TO,TO,76.98,106.42,?
581,or-100-10-6-UC-30.cnf,200,500,TO,TO,2.28,8.89,?
582,or-100-10-6-UC-40.cnf,200,500,TO,TO,0.44,4.15,?
583,or-100-10-6-UC-50.cnf,200,500,TO,TO,0.41,4.02,?
584,or-100-10-6-UC-60.cnf,200,500,TO,TO,0.38,3.96,?
585,or-100-10-7.cnf,200,500,TO,TO,MO,MO,?
586,or-100-10-7-UC-10.cnf,200,500,TO,TO,MO,MO,?
587,or-100-10-7-UC-20.cnf,200,500,TO,TO,131.54,175.41,?
588,or-100-10-7-UC-30.cnf,200,500,TO,TO,2.24,9.06,?
589,or-100-10-7-UC-40.cnf,200,500,TO,TO,1.03,6.27,?
590,or-100-10-7-UC-50.cnf,200,500,TO,TO,0.44,4.16,?
591,or-100-10-7-UC-60.cnf,200,500,TO,TO,0.37,3.98,?
592,or-100-10-8.cnf,200,500,TO,TO,MO,MO,?
593,or-100-10-8-UC-10.cnf,200,500,TO,TO,MO,MO,?
594,or-100-10-8-UC-20.cnf,200,500,TO,TO,98.51,129.72,?
595,or-100-10-8-UC-30.cnf,200,500,TO,TO,6.78,15.74,?
596,or-100-10-8-UC-40.cnf,200,500,TO,TO,0.69,5.40,?
597,or-100-10-8-UC-50.cnf,200,500,TO,TO,0.38,3.41,?
598,or-100-10-8-UC-60.cnf,200,500,TO,TO,0.35,3.48,?
599,or-100-10-9.cnf,200,500,TO,TO,MO,MO,?
600,or-100-10-9-UC-10.cnf,200,500,TO,TO,MO,MO,?
601,or-100-10-9-UC-20.cnf,200,500,TO,TO,MO,MO,?
602,or-100-10-9-UC-30.cnf,200,500,TO,TO,74.71,101.98,?
603,or-100-10-9-UC-40.cnf,200,500,TO,TO,6.88,15.80,?
604,or-100-10-9-UC-50.cnf,200,500,TO,TO,0.50,3.96,?
605,or-100-10-9-UC-60.cnf,200,500,TO,TO,0.42,4.14,?
606,or-100-20-10.cnf,200,500,TO,TO,TO,TO,?
607,or-100-20-10-UC-10.cnf,200,500,TO,TO,MO,MO,?
608,or-100-20-10-UC-20.cnf,200,500,TO,TO,MO,MO,?
609,or-100-20-10-UC-30.cnf,200,500,TO,TO,257.15,340.53,?
610,or-100-20-10-UC-40.cnf,200,500,TO,TO,53.39,74.29,?
611,or-100-20-10-UC-50.cnf,200,500,TO,TO,2.25,8.99,?
612,or-100-20-10-UC-60.cnf,200,500,TO,TO,0.70,5.11,?
613,or-100-20-1.cnf,200,500,TO,TO,MO,MO,?
614,or-100-20-1-UC-10.cnf,200,500,TO,TO,TO,TO,?
615,or-100-20-1-UC-20.cnf,200,500,TO,TO,MO,MO,?
616,or-100-20-1-UC-30.cnf,200,500,TO,TO,MO,MO,?
617,or-100-20-1-UC-40.cnf,200,500,TO,TO,2.75,9.85,?
618,or-100-20-1-UC-50.cnf,200,500,TO,TO,0.46,4.16,?
619,or-100-20-1-UC-60.cnf,200,500,TO,TO,0.44,4.07,?
620,or-100-20-2.cnf,200,500,TO,TO,TO,TO,?
621,or-100-20-2-UC-10.cnf,200,500,TO,TO,MO,MO,?
622,or-100-20-2-UC-20.cnf,200,500,TO,TO,MO,MO,?
623,or-100-20-2-UC-30.cnf,200,500,TO,TO,146.03,204.74,?
624,or-100-20-2-UC-40.cnf,200,500,TO,TO,1.23,7.06,?
625,or-100-20-2-UC-50.cnf,200,500,TO,TO,MO,MO,?
626,or-100-20-2-UC-60.cnf,200,500,TO,TO,210.78,252.32,?
627,or-100-20-3.cnf,200,500,TO,TO,MO,MO,?
628,or-100-20-3-UC-10.cnf,200,500,TO,TO,MO,MO,?
629,or-100-20-3-UC-20.cnf,200,500,TO,TO,MO,MO,?
630,or-100-20-3-UC-30.cnf,200,500,TO,TO,MO,MO,?
631,or-100-20-3-UC-40.cnf,200,500,TO,TO,109.81,142.19,?
632,or-100-20-3-UC-50.cnf,200,500,TO,TO,0.39,4.09,?
633,or-100-20-3-UC-60.cnf,200,500,TO,TO,0.44,3.87,?
634,or-100-20-4.cnf,200,500,TO,TO,MO,MO,?
635,or-100-20-4-UC-10.cnf,200,500,TO,TO,TO,TO,?
636,or-100-20-4-UC-20.cnf,200,500,TO,TO,TO,TO,?
637,or-100-20-4-UC-30.cnf,200,500,TO,TO,MO,MO,?
638,or-100-20-4-UC-40.cnf,200,500,TO,TO,38.30,53.10,?
639,or-100-20-4-UC-50.cnf,200,500,TO,TO,1.75,7.74,?
640,or-100-20-4-UC-60.cnf,200,500,TO,TO,0.95,5.74,?
641,or-100-20-5.cnf,200,500,TO,TO,TO,TO,?
642,or-100-20-5-UC-10.cnf,200,500,TO,TO,MO,MO,?
643,or-100-20-5-UC-20.cnf,200,500,TO,TO,MO,MO,?
644,or-100-20-5-UC-30.cnf,200,500,TO,TO,249.43,301.13,?
645,or-100-20-5-UC-40.cnf,200,500,TO,TO,3.42,11.25,?
646,or-100-20-5-UC-50.cnf,200,500,TO,TO,0.75,5.52,?
647,or-100-20-5-UC-60.cnf,200,500,TO,TO,0.44,3.73,?
648,or-100-20-6.cnf,200,500,TO,TO,TO,TO,?
649,or-100-20-6-UC-10.cnf,200,500,TO,TO,MO,MO,?
650,or-100-20-6-UC-20.cnf,200,500,TO,TO,MO,MO,?
651,or-100-20-6-UC-30.cnf,200,500,TO,TO,85.74,126.48,?
652,or-100-20-6-UC-40.cnf,200,500,TO,TO,6.04,14.90,?
653,or-100-20-6-UC-50.cnf,200,500,TO,TO,1.61,7.59,?
654,or-100-20-6-UC-60.cnf,200,500,TO,TO,0.35,3.22,?
655,or-100-20-7.cnf,200,500,TO,TO,MO,MO,?
656,or-100-20-7-UC-10.cnf,200,500,TO,TO,MO,MO,?
657,or-100-20-7-UC-20.cnf,200,500,TO,TO,MO,MO,?
658,or-100-20-7-UC-30.cnf,200,500,TO,TO,54.61,78.94,?
659,or-100-20-7-UC-40.cnf,200,500,TO,TO,85.63,114.36,?
660,or-100-20-7-UC-50.cnf,200,500,TO,TO,2.72,9.27,?
661,or-100-20-7-UC-60.cnf,200,500,TO,TO,0.50,4.27,?
662,or-100-20-8.cnf,200,500,TO,TO,TO,TO,?
663,or-100-20-8-UC-10.cnf,200,500,TO,TO,MO,MO,?
664,or-100-20-8-UC-20.cnf,200,500,TO,TO,MO,MO,?
665,or-100-20-8-UC-30.cnf,200,500,TO,TO,654.01,749.98,?
666,or-100-20-8-UC-40.cnf,200,500,TO,TO,29.78,49.36,?
667,or-100-20-8-UC-50.cnf,200,500,TO,TO,0.89,5.30,?
668,or-100-20-8-UC-60.cnf,200,500,TO,TO,0.55,4.70,?
669,or-100-20-9.cnf,200,500,TO,TO,TO,TO,?
670,or-100-20-9-UC-10.cnf,200,500,TO,TO,TO,TO,?
671,or-100-20-9-UC-20.cnf,200,500,TO,TO,MO,MO,?
672,or-100-20-9-UC-30.cnf,200,500,TO,TO,72.87,98.55,?
673,or-100-20-9-UC-40.cnf,200,500,TO,TO,0.49,4.36,?
674,or-100-20-9-UC-50.cnf,200,500,TO,TO,0.44,4.09,?
675,or-100-20-9-UC-60.cnf,200,500,TO,TO,0.41,3.74,?
676,or-100-5-10.cnf,200,500,TO,TO,MO,MO,?
677,or-100-5-10-UC-10.cnf,200,500,TO,TO,MO,MO,?
678,or-100-5-10-UC-20.cnf,200,500,TO,TO,7.00,15.93,?
679,or-100-5-10-UC-30.cnf,200,500,TO,TO,0.56,4.68,?
680,or-100-5-10-UC-40.cnf,200,500,TO,TO,0.32,3.25,?
681,or-100-5-10-UC-50.cnf,200,500,TO,TO,0.38,4.04,?
682,or-100-5-10-UC-60.cnf,200,500,TO,TO,0.41,4.12,?
683,or-100-5-1.cnf,200,500,TO,TO,TO,TO,?
684,or-100-5-1-UC-10.cnf,200,500,TO,TO,MO,MO,?
685,or-100-5-1-UC-20.cnf,200,500,TO,TO,3.68,11.63,?
686,or-100-5-1-UC-30.cnf,200,500,TO,TO,0.47,4.29,?
687,or-100-5-1-UC-40.cnf,200,500,TO,TO,0.40,3.66,?
688,or-100-5-1-UC-50.cnf,200,500,TO,TO,0.38,3.52,?
689,or-100-5-1-UC-60.cnf,200,500,TO,TO,0.34,3.49,?
690,or-100-5-2.cnf,200,500,TO,TO,TO,TO,?
691,or-100-5-2-UC-10.cnf,200,500,TO,TO,MO,MO,?
692,or-100-5-2-UC-20.cnf,200,500,TO,TO,77.99,105.66,?
693,or-100-5-2-UC-30.cnf,200,500,TO,TO,2.96,10.17,?
694,or-100-5-2-UC-40.cnf,200,500,TO,TO,0.55,4.64,?
695,or-100-5-2-UC-50.cnf,200,500,TO,TO,0.41,4.01,?
696,or-100-5-2-UC-60.cnf,200,500,TO,TO,0.37,3.77,?
697,or-100-5-3.cnf,200,500,TO,TO,MO,MO,?
698,or-100-5-3-UC-10.cnf,200,500,TO,TO,134.54,195.36,?
699,or-100-5-3-UC-20.cnf,200,500,TO,TO,0.68,5.43,?
700,or-100-5-3-UC-30.cnf,200,500,TO,TO,0.57,4.73,?
701,or-100-5-3-UC-40.cnf,200,500,TO,TO,0.44,4.19,?
702,or-100-5-3-UC-50.cnf,200,500,TO,TO,0.43,4.07,?
703,or-100-5-3-UC-60.cnf,200,500,TO,TO,0.39,3.85,?
704,or-100-5-4.cnf,200,500,TO,TO,MO,MO,?
705,or-100-5-4-UC-10.cnf,200,500,TO,TO,TO,TO,?
706,or-100-5-4-UC-20.cnf,200,500,TO,TO,MO,MO,?
707,or-100-5-4-UC-30.cnf,200,500,TO,TO,1.60,8.04,?
708,or-100-5-4-UC-40.cnf,200,500,TO,TO,0.51,4.44,?
709,or-100-5-4-UC-50.cnf,200,500,TO,TO,0.39,3.99,?
710,or-100-5-4-UC-60.cnf,200,500,TO,TO,0.37,3.72,?
711,or-100-5-5.cnf,200,500,TO,TO,TO,TO,?
712,or-100-5-5-UC-10.cnf,200,500,TO,TO,TO,TO,?
713,or-100-5-5-UC-20.cnf,200,500,TO,TO,62.07,88.14,?
714,or-100-5-5-UC-30.cnf,200,500,TO,TO,1.61,6.94,?
715,or-100-5-5-UC-40.cnf,200,500,TO,TO,0.46,4.25,?
716,or-100-5-5-UC-50.cnf,200,500,TO,TO,0.37,3.76,?
717,or-100-5-5-UC-60.cnf,200,500,TO,TO,0.35,3.27,?
718,or-100-5-6.cnf,200,500,TO,TO,MO,MO,?
719,or-100-5-6-UC-10.cnf,200,500,TO,TO,MO,MO,?
720,or-100-5-6-UC-20.cnf,200,500,TO,TO,1.57,7.81,?
721,or-100-5-6-UC-30.cnf,200,500,TO,TO,0.39,3.40,?
722,or-100-5-6-UC-40.cnf,200,500,TO,TO,0.42,3.91,?
723,or-100-5-6-UC-50.cnf,200,500,TO,TO,0.36,3.79,?
724,or-100-5-6-UC-60.cnf,200,500,TO,TO,0.37,3.69,?
725,or-100-5-7.cnf,200,500,TO,TO,MO,MO,?
726,or-100-5-7-UC-10.cnf,200,500,TO,TO,MO,MO,?
727,or-100-5-7-UC-20.cnf,200,500,TO,TO,108.26,142.06,?
728,or-100-5-7-UC-30.cnf,200,500,TO,TO,1.13,6.76,?
729,or-100-5-7-UC-40.cnf,200,500,TO,TO,0.38,3.65,?
730,or-100-5-7-UC-50.cnf,200,500,TO,TO,0.39,3.89,?
731,or-100-5-7-UC-60.cnf,200,500,TO,TO,0.40,3.80,?
732,or-100-5-8.cnf,200,500,TO,TO,MO,MO,?
733,or-100-5-8-UC-10.cnf,200,500,TO,TO,TO,TO,?
734,or-100-5-8-UC-20.cnf,200,500,TO,TO,25.90,41.43,?
735,or-100-5-8-UC-30.cnf,200,500,TO,TO,1.05,6.36,?
736,or-100-5-8-UC-40.cnf,200,500,TO,TO,0.40,3.90,?
737,or-100-5-8-UC-50.cnf,200,500,TO,TO,0.41,4.02,?
738,or-100-5-8-UC-60.cnf,200,500,TO,TO,0.34,3.68,?
739,or-100-5-9.cnf,200,500,TO,TO,TO,TO,?
740,or-100-5-9-UC-10.cnf,200,500,TO,TO,MO,MO,?
741,or-100-5-9-UC-20.cnf,200,500,TO,TO,18.25,32.16,?
742,or-100-5-9-UC-30.cnf,200,500,TO,TO,0.47,4.47,?
743,or-100-5-9-UC-40.cnf,200,500,TO,TO,0.40,3.94,?
744,or-100-5-9-UC-50.cnf,200,500,TO,TO,0.41,3.87,?
745,or-100-5-9-UC-60.cnf,200,500,TO,TO,0.40,4.05,?
746,blasted_case56.cnf,202,722,0.33,3.26,0.52,4.74,0.69
747,blasted_case54.cnf,203,725,0.33,3.24,0.84,5.54,0.62
748,blasted_case106.cnf,204,509,9.49,94.60,0.69,4.65,21.49
749,blasted_case108.cnf,205,800,0.45,3.85,0.59,4.96,0.78
750,s298_3_2.cnf,205,510,0.05,0.51,0.42,4.26,0.12
751,s444.bench.cnf,205,533,0.25,2.31,0.60,5.05,0.46
752,blasted_case133.cnf,211,615,0.53,5.07,0.47,4.07,1.26
753,blasted_case136.cnf,211,615,0.53,5.07,0.53,4.32,1.20
754,blasted_case203.cnf,214,580,0.83,8.57,0.65,5.43,1.62
755,blasted_case204.cnf,214,580,0.82,8.36,0.57,4.69,1.83
756,blasted_case205.cnf,214,580,0.91,8.80,0.61,4.88,1.85
757,s344_7_4.cnf,215,540,0.27,2.85,0.49,4.39,0.66
758,s349_7_4.cnf,216,545,0.27,2.20,0.47,3.92,0.56
759,s526.bench.cnf,217,638,0.78,7.61,1.04,6.55,1.24
760,s526n.bench.cnf,218,639,0.77,7.69,1.12,6.30,1.34
761,blasted_case145.cnf,219,558,62.57,637.18,0.63,4.74,139.81
762,blasted_case146.cnf,219,558,56.94,617.18,0.65,4.69,138.67
763,bugsynthesisnc5.cnf,221,279,0.0,0.09,0.44,4.41,0.02
764,s298_7_4.cnf,223,586,0.17,1.85,0.58,5.12,0.37
765,bugsynthesisc7.cnf,225,341,0.02,0.20,0.37,3.67,0.05
766,blasted_case132.cnf,236,708,0.11,1.22,0.41,3.64,0.34
767,blasted_case135.cnf,236,708,0.14,1.27,0.51,4.50,0.28
768,s510.bench.cnf,236,635,0.09,0.78,0.46,4.10,0.19
769,blasted_case_1_b14_1.cnf,238,681,1.4,14.20,1.24,6.81,2.30
770,blasted_case_2_b14_1.cnf,238,681,1.42,14.55,1.34,6.50,2.54
771,blasted_case_3_b14_1.cnf,238,681,1.51,14.45,1.17,6.06,2.65
772,sat-grid-pbl-0015.cnf,240,436,TO,TO,TO,TO,?
773,blasted_case109.cnf,241,915,0.59,5.43,0.66,5.25,1.05
774,c499.isc.cnf,243,714,TO,TO,TO,TO,?
775,blasted_case39.cnf,245,650,2.34,21.67,10.70,22.41,1.65
776,blasted_case40.cnf,245,650,2.24,22.20,10.57,21.55,1.82
777,blasted_case41.cnf,245,650,2.08,21.95,10.52,22.44,1.67
778,blasted_case14.cnf,247,649,116.83,1117.13,0.81,5.71,204.14
779,uf250-0100.cnf,250,1065,22.2,223.97,7.71,12.02,46.81
780,uf250-010.cnf,250,1065,13.91,138.51,5.07,9.52,28.00
781,uf250-011.cnf,250,1065,24.37,254.59,9.19,15.32,37.56
782,uf250-012.cnf,250,1065,4.51,47.08,9.63,18.45,4.83
783,uf250-013.cnf,250,1065,5.9,60.26,3.33,7.63,12.64
784,uf250-014.cnf,250,1065,17.2,186.62,4.59,9.70,33.15
785,uf250-015.cnf,250,1065,7.75,78.45,3.66,8.92,13.44
786,uf250-016.cnf,250,1065,13.38,139.15,17.71,32.21,8.67
787,uf250-017.cnf,250,1065,4.5,46.04,2.29,6.61,9.62
788,uf250-018.cnf,250,1065,7.99,80.01,3.99,9.14,13.98
789,uf250-019.cnf,250,1065,54.99,481.09,MO,MO,?
790,uf250-01.cnf,250,1065,83.52,868.20,68.37,108.66,19.48
791,uf250-020.cnf,250,1065,9.53,100.10,5.24,11.03,15.64
792,uf250-021.cnf,250,1065,106.07,1176.83,MO,MO,?
793,uf250-022.cnf,250,1065,12.4,117.70,5.81,11.63,18.09
794,uf250-023.cnf,250,1065,12.07,113.25,7.65,11.52,26.14
795,uf250-024.cnf,250,1065,13.81,130.70,5.76,10.13,26.75
796,uf250-025.cnf,250,1065,32.14,329.47,14.48,23.31,33.67
797,uf250-026.cnf,250,1065,7.22,71.67,4.77,8.86,15.76
798,uf250-027.cnf,250,1065,7.87,73.93,4.07,9.12,13.08
799,uf250-028.cnf,250,1065,8.49,77.65,4.12,7.90,18.30
800,uf250-029.cnf,250,1065,21.92,224.95,7.45,13.37,34.30
801,uf250-02.cnf,250,1065,16.56,183.46,5.14,10.94,28.78
802,uf250-030.cnf,250,1065,17.56,171.44,5.44,10.36,31.28
803,uf250-031.cnf,250,1065,30.72,341.96,6.20,10.34,75.18
804,uf250-032.cnf,250,1065,15.41,163.64,9.04,14.22,28.62
805,uf250-033.cnf,250,1065,32.04,348.52,16.82,22.53,55.43
806,uf250-034.cnf,250,1065,11.55,112.82,6.69,12.46,17.55
807,uf250-035.cnf,250,1065,24.02,256.78,16.74,31.31,15.98
808,uf250-036.cnf,250,1065,20.8,205.28,4.91,11.24,29.14
809,uf250-037.cnf,250,1065,58.25,614.33,48.64,77.65,19.17
810,uf250-038.cnf,250,1065,32.09,286.36,10.35,14.18,66.39
811,uf250-039.cnf,250,1065,17.67,170.01,18.21,29.31,13.72
812,uf250-03.cnf,250,1065,9.41,82.37,3.93,8.11,17.45
813,uf250-040.cnf,250,1065,10.63,105.17,4.03,8.81,19.78
814,uf250-041.cnf,250,1065,5.48,50.60,2.67,6.87,10.74
815,uf250-042.cnf,250,1065,21.6,236.80,11.79,17.21,39.70
816,uf250-043.cnf,250,1065,6.04,59.05,3.81,9.55,9.24
817,uf250-044.cnf,250,1065,12.74,134.23,6.46,13.11,18.27
818,uf250-045.cnf,250,1065,3.21,30.88,2.34,6.10,7.36
819,uf250-046.cnf,250,1065,11.28,116.94,5.11,9.35,24.92
820,uf250-047.cnf,250,1065,28.41,243.57,8.75,13.60,44.36
821,uf250-048.cnf,250,1065,11.59,111.89,4.38,8.95,21.95
822,uf250-049.cnf,250,1065,43.8,370.44,33.21,54.65,15.24
823,uf250-04.cnf,250,1065,64.12,586.36,MO,MO,?
824,uf250-050.cnf,250,1065,6.22,61.70,2.69,6.86,13.30
825,uf250-051.cnf,250,1065,11.78,106.53,3.92,7.83,24.23
826,uf250-052.cnf,250,1065,8.03,80.46,3.96,7.88,18.48
827,uf250-053.cnf,250,1065,10.19,104.00,5.39,9.83,21.13
828,uf250-054.cnf,250,1065,7.68,79.03,4.06,9.86,12.30
829,uf250-055.cnf,250,1065,19.87,192.02,5.68,10.34,36.94
830,uf250-056.cnf,250,1065,25.97,279.48,10.68,15.25,55.47
831,uf250-057.cnf,250,1065,9.51,91.86,5.06,9.43,18.84
832,uf250-058.cnf,250,1065,12.88,128.41,6.76,10.97,27.44
833,uf250-059.cnf,250,1065,11.4,112.15,2.67,7.11,22.69
834,uf250-05.cnf,250,1065,9.33,96.35,5.51,9.63,21.12
835,uf250-060.cnf,250,1065,9.91,86.65,6.01,11.15,14.93
836,uf250-061.cnf,250,1065,4.55,47.33,6.54,13.93,5.79
837,uf250-062.cnf,250,1065,8.62,82.88,3.76,7.99,17.56
838,uf250-063.cnf,250,1065,13.15,129.12,5.42,10.36,23.48
839,uf250-064.cnf,250,1065,7.2,72.73,7.01,15.37,7.84
840,uf250-065.cnf,250,1065,17.43,166.47,6.42,10.67,35.07
841,uf250-066.cnf,250,1065,41.82,386.03,17.64,25.44,44.13
842,uf250-067.cnf,250,1065,4.21,43.30,2.66,6.72,9.63
843,uf250-068.cnf,250,1065,15.63,157.63,7.63,13.66,23.55
844,uf250-069.cnf,250,1065,24.34,259.88,7.92,12.44,52.11
845,uf250-06.cnf,250,1065,25.7,266.08,9.91,16.40,37.04
846,uf250-070.cnf,250,1065,7.85,74.99,3.46,7.71,15.80
847,uf250-071.cnf,250,1065,14.13,127.79,4.90,10.53,20.19
848,uf250-072.cnf,250,1065,7.44,74.17,2.88,6.80,17.02
849,uf250-073.cnf,250,1065,65.93,683.73,29.56,41.54,51.57
850,uf250-074.cnf,250,1065,12.42,145.65,19.44,33.85,9.25
851,uf250-075.cnf,250,1065,9.08,81.26,3.92,8.27,16.59
852,uf250-076.cnf,250,1065,10.39,98.32,3.86,9.94,14.46
853,uf250-077.cnf,250,1065,7.06,71.41,2.99,6.71,17.30
854,uf250-078.cnf,250,1065,30.78,290.62,8.90,13.68,54.36
855,uf250-079.cnf,250,1065,47.12,404.19,10.47,15.91,65.64
856,uf250-07.cnf,250,1065,20.62,210.36,7.55,12.03,42.35
857,uf250-080.cnf,250,1065,10.46,109.43,3.89,7.93,24.50
858,uf250-081.cnf,250,1065,50.66,471.41,12.51,19.19,62.99
859,uf250-082.cnf,250,1065,13.5,136.32,5.00,8.53,34.79
860,uf250-083.cnf,250,1065,21.12,200.14,6.51,11.52,35.73
861,uf250-084.cnf,250,1065,30.27,312.99,15.50,21.14,50.13
862,uf250-085.cnf,250,1065,11.34,103.48,4.65,11.16,14.15
863,uf250-086.cnf,250,1065,11.77,113.99,4.97,9.19,24.22
864,uf250-087.cnf,250,1065,22.52,223.10,6.05,10.52,44.87
865,uf250-088.cnf,250,1065,29.78,268.08,9.08,13.96,48.83
866,uf250-089.cnf,250,1065,15.19,157.12,54.83,79.95,5.65
867,uf250-08.cnf,250,1065,20.32,216.71,7.49,13.29,33.86
868,uf250-090.cnf,250,1065,6.99,71.76,3.82,8.58,13.61
869,uf250-091.cnf,250,1065,43.07,477.99,76.73,109.04,13.46
870,uf250-092.cnf,250,1065,8.61,89.12,4.62,8.94,18.64
871,uf250-093.cnf,250,1065,4.64,44.66,2.85,6.80,10.13
872,uf250-094.cnf,250,1065,14.02,146.13,6.49,10.41,33.70
873,uf250-095.cnf,250,1065,40.14,436.53,63.47,84.26,19.07
874,uf250-096.cnf,250,1065,16.96,161.50,4.37,8.14,38.34
875,uf250-097.cnf,250,1065,4.99,51.29,2.51,6.46,11.72
876,uf250-098.cnf,250,1065,13.11,135.38,7.09,13.50,19.07
877,uf250-099.cnf,250,1065,13.92,126.74,6.82,12.14,21.21
878,uf250-09.cnf,250,1065,4.41,45.36,2.47,6.43,10.34
879,binsearch.16.pp.cnf,251,1925,4.09,37.88,55.13,62.55,4.55
880,binsearch.32.pp.cnf,251,1917,3.24,35.68,58.45,65.88,4.37
881,2bitmax_6.cnf,252,766,1.48,15.12,26.95,61.17,0.40
882,bugsynthesisnc29.cnf,252,435,0.08,0.82,0.46,4.35,0.19
883,bugsynthesisnc30.cnf,252,464,0.09,0.87,0.46,4.43,0.20
884,s420.1.bench.cnf,252,601,0.26,2.42,0.48,4.57,0.53
885,23_rd_r45.cnf,253,42504,TO,TO,MO,MO,?
886,bugsynthesisnc14.cnf,253,369,0.01,0.03,0.52,5.35,0.00
887,bugsynthesisnc15.cnf,253,369,0.01,0.06,0.56,5.24,0.01
888,s382_3_2.cnf,263,635,0.1,0.97,0.65,5.19,0.19
889,ais12.cnf,265,5666,MO,MO,334.44,346.85,?
890,blasted_case119.cnf,267,787,4.99,51.61,0.80,5.51,9.90
891,blasted_case123.cnf,267,980,0.87,8.25,0.76,6.17,1.36
892,blasted_case_1_b14_2.cnf,270,805,1.3,13.53,1.00,6.30,2.31
893,blasted_case_2_b14_2.cnf,270,805,1.29,13.43,1.01,6.33,2.28
894,blasted_case_3_b14_2.cnf,270,805,1.32,13.20,1.04,6.41,2.21
895,blasted_case9.cnf,279,753,MO,MO,0.99,6.47,?
896,s382_7_4.cnf,281,711,0.16,1.59,0.57,5.25,0.31
897,blasted_case61.cnf,282,753,303.33,3048.96,1.02,6.40,510.34
898,3blocks.cnf,283,9690,0.09,1.00,0.60,5.25,0.20
899,blasted_case120.cnf,284,851,3.56,36.00,0.82,5.53,6.89
900,s344_15_7.cnf,284,824,0.31,3.27,0.70,5.93,0.57
901,s349_15_7.cnf,285,829,0.26,2.84,0.84,6.31,0.47
902,blasted_case110.cnf,287,1263,0.18,1.94,0.68,5.88,0.34
903,blasted_case57.cnf,288,1158,0.87,9.24,0.91,6.22,1.58
904,s444_3_2.cnf,290,712,0.11,1.01,0.51,4.60,0.22
905,blasted_case121.cnf,291,975,6.38,63.40,1.85,8.90,8.09
906,blasted_case62.cnf,291,1165,1.04,9.80,0.93,6.58,1.55
907,s298_15_7.cnf,292,870,0.63,6.23,1.29,7.98,0.84
908,blasted_case3.cnf,294,1110,0.91,8.35,0.91,6.84,1.25
909,s420_3_2.cnf,294,694,0.1,1.08,0.56,5.24,0.21
910,s420_new1_3_2.cnf,294,694,0.12,1.16,0.61,5.18,0.23
911,s420_new_3_2.cnf,294,694,0.12,1.16,0.57,5.38,0.22
912,blasted_case15.cnf,296,774,242.59,2414.32,1.91,7.90,362.56
913,blasted_case2.cnf,296,1116,0.76,8.23,0.91,6.76,1.28
914,s510_3_2.cnf,298,768,0.05,0.50,0.59,5.29,0.10
915,fphp-015-020.cnf,300,4965,TO,TO,MO,MO,?
916,ls8-normalized.cnf,301,1603,TO,TO,MO,MO,?
917,blasted_case126.cnf,302,1129,1.08,10.58,0.83,6.69,1.62
918,blasted_case_1_b14_3.cnf,304,941,1.72,17.15,0.91,6.29,2.87
919,blasted_case_2_b14_3.cnf,304,941,1.66,17.05,0.81,5.79,3.09
920,blasted_case_3_b14_3.cnf,304,941,1.61,17.57,0.87,6.47,2.85
921,blasted_case111.cnf,306,1358,0.15,1.59,0.75,6.23,0.26
922,s444_7_4.cnf,308,788,0.23,2.48,0.66,5.78,0.44
923,blasted_case113.cnf,309,1367,0.26,2.67,0.78,6.30,0.44
924,blasted_case117.cnf,309,1367,0.24,2.48,0.77,6.47,0.39
925,blasted_case118.cnf,309,1367,0.23,2.44,0.80,6.32,0.40
926,mixdup.cnf,309,452,0.02,0.21,0.63,6.25,0.03
927,s832.bench.cnf,310,1056,0.71,7.32,0.80,6.63,1.13
928,s420_7_4.cnf,312,770,0.2,1.99,0.65,5.75,0.35
929,s420_new1_7_4.cnf,312,770,0.2,1.94,0.68,5.69,0.35
930,s420_new_7_4.cnf,312,770,0.28,2.86,0.63,5.24,0.56
931,s820.bench.cnf,312,1046,0.68,7.10,0.87,6.70,1.10
932,polynomial.sk_7_25.cnf,313,1027,0.01,0.07,0.59,5.79,0.01
933,blasted_case122.cnf,314,1258,0.66,7.72,0.82,6.84,1.17
934,bugsynthesisc10.cnf,316,345,0.0,0.09,0.51,5.21,0.02
935,bugsynthesisc1.cnf,316,345,0.0,0.09,0.55,5.24,0.02
936,bugsynthesisc9.cnf,316,345,0.0,0.07,0.48,4.75,0.02
937,s510_7_4.cnf,316,844,0.06,0.59,0.47,4.57,0.13
938,par16-1-c.cnf,317,1264,0.21,2.13,0.73,5.33,0.42
939,par16-4-c.cnf,324,1292,0.07,0.75,0.90,8.73,0.09
940,blasted_case10.cnf,328,878,175.01,1747.04,1.44,7.47,260.70
941,blasted_case6.cnf,329,996,1.57,14.03,0.81,5.83,2.48
942,par16-3-c.cnf,334,1332,0.2,2.05,0.94,8.80,0.24
943,blasted_case_0_b11_1.cnf,340,1026,43.06,444.05,26.05,51.78,15.58
944,blasted_case_1_b11_1.cnf,340,1026,44.6,429.57,27.85,55.22,14.07
945,s510_15_7.cnf,340,948,0.07,0.61,0.68,5.87,0.10
946,par16-5-c.cnf,341,1360,0.18,1.80,0.57,5.44,0.33
947,qg1-07.cnf,343,68083,0.16,1.60,0.65,5.24,0.31
948,qg2-07.cnf,343,68083,0.17,1.61,0.62,5.40,0.30
949,par16-2-c.cnf,349,1392,0.27,2.76,1.08,8.98,0.32
950,par8-1.cnf,350,1149,0.0,0.06,0.55,5.31,0.01
951,par8-2.cnf,350,1157,0.0,0.06,0.56,5.59,0.01
952,par8-3.cnf,350,1171,0.0,0.01,0.65,6.53,0.00
953,par8-4.cnf,350,1155,0.0,0.01,0.70,6.87,0.00
954,par8-5.cnf,350,1171,0.0,0.01,0.54,5.21,0.00
955,s382_15_7.cnf,350,995,0.28,2.89,1.05,7.86,0.38
956,s420_new_15_7.cnf,351,934,0.34,3.29,0.73,6.34,0.53
957,tire-1.cnf,352,1038,0.64,6.19,0.79,6.84,0.92
958,s526_3_2.cnf,365,943,0.71,7.28,1.23,8.49,0.90
959,s420_15_7.cnf,366,994,0.25,2.52,1.03,7.61,0.34
960,s420_new1_15_7.cnf,366,994,0.25,2.40,0.85,6.17,0.40
961,s526a_3_2.cnf,366,944,0.81,7.57,1.22,8.25,0.96
962,registerlesSwap.sk_3_10.cnf,372,1493,0.19,1.83,0.73,6.26,0.30
963,bugsynthesisnc19.cnf,374,958,17.42,173.03,2.07,10.12,19.33
964,s444_15_7.cnf,377,1072,0.24,2.52,0.84,7.15,0.36
965,s526_7_4.cnf,383,1019,0.99,10.42,1.70,10.04,1.13
966,s526a_7_4.cnf,384,1020,0.92,9.45,1.57,9.68,1.05
967,blasted_case125.cnf,393,1555,1.87,15.67,1.49,8.94,1.85
968,blasted_case19.cnf,397,1126,59.16,593.92,1.91,9.68,68.82
969,blasted_case20.cnf,397,1126,19.61,210.20,2.23,9.75,25.34
970,blasted_case35.cnf,400,1414,3.36,39.01,1.84,9.53,4.64
971,blasted_case34.cnf,409,1597,2.4,22.13,3.78,14.12,1.91
972,4blocksb.cnf,410,24758,0.06,0.59,0.88,7.25,0.08
973,c880.isc.cnf,417,1060,TO,TO,TO,TO,?
974,s953.bench.cnf,417,1138,1.08,10.20,1.95,11.30,0.98
975,sat-grid-pbl-0020.cnf,420,781,TO,TO,TO,TO,?
976,blasted_case_0_b12_1.cnf,427,1385,3.04,31.71,6.57,16.68,2.84
977,blasted_case143.cnf,427,1592,1.44,13.73,3.22,16.02,0.96
978,blasted_case_1_b12_1.cnf,427,1385,3.15,31.37,6.99,17.65,2.65
979,blasted_case_2_b12_1.cnf,427,1385,3.0,29.76,6.44,16.41,2.68
980,blasted_case114.cnf,428,1851,1.9,19.51,5.37,16.13,1.64
981,blasted_case115.cnf,428,1851,1.81,19.38,4.98,15.89,1.61
982,blasted_case131.cnf,432,1830,1.59,13.33,1.97,9.62,1.53
983,s641.bench.cnf,433,918,0.91,8.41,4.44,15.41,0.68
984,blasted_case116.cnf,438,1881,2.01,20.34,3.86,13.17,1.97
985,s713.bench.cnf,447,984,1.07,9.69,5.58,17.35,0.73
986,s526_15_7.cnf,452,1303,1.86,18.67,2.75,12.52,1.72
987,s526a_15_7.cnf,453,1304,1.5,14.43,2.68,12.47,1.32
988,ls9-normalized.cnf,456,2864,TO,TO,TO,TO,?
989,bw_large.a.cnf,459,4675,0.01,0.05,0.66,6.65,0.01
990,huge.cnf,459,7054,0.01,0.08,0.69,7.02,0.01
991,blasted_case140.cnf,488,1222,TO,TO,4.33,13.96,?
992,s641_3_2.cnf,489,1039,0.99,9.48,4.54,17.02,0.68
993,blasted_squaring51.cnf,496,1947,3.19,32.98,11.07,40.74,1.00
994,5_100_sd_schur.cnf,500,26860,TO,TO,MO,MO,?
995,blasted_squaring50.cnf,500,1965,3.76,37.23,10.97,38.57,1.21
996,bugsynthesisnc20.cnf,500,1113,16.83,183.19,2.24,11.86,17.29
997,bugsynthesisnc12.cnf,505,592,0.01,0.04,0.77,7.51,0.00
998,bugsynthesisnc13.cnf,505,563,0.0,0.01,0.76,7.26,0.00
999,s641_7_4.cnf,507,1115,1.56,14.09,6.91,22.99,0.78
1000,s713_3_2.cnf,509,1117,0.86,9.08,5.75,18.44,0.65
1001,qg1-08.cnf,512,148957,33.46,320.84,3.88,10.50,43.41
1002,qg2-08.cnf,512,148957,15.21,174.52,2.97,9.40,24.78
1003,qg3-08.cnf,512,10469,0.06,0.57,0.82,7.40,0.08
1004,s838.1.bench.cnf,512,1233,1.09,10.06,0.90,7.76,1.31
1005,s953a_3_2.cnf,515,1297,0.98,9.22,1.86,11.81,0.83
1006,s713_7_4.cnf,527,1193,1.07,11.05,6.27,21.82,0.64
1007,s953a_7_4.cnf,533,1373,0.95,10.06,1.86,12.07,0.89
1008,s1238.bench.cnf,539,1549,1.8,18.35,5.73,24.25,0.89
1009,tire-2.cnf,550,2001,0.1,0.85,0.99,9.15,0.09
1010,c1355.isc.cnf,555,1546,TO,TO,MO,MO,?
1011,s1196.bench.cnf,560,1538,1.85,19.48,5.04,22.06,1.04
1012,bugsynthesisnc18.cnf,568,742,0.02,0.13,0.89,8.68,0.01
1013,lang12.cnf,576,13584,MO,MO,MO,MO,?
1014,s641_15_7.cnf,576,1399,1.48,14.09,19.35,45.16,0.49
1015,tire-3.cnf,577,2004,0.7,7.30,1.58,10.94,0.71
1016,blasted_case18.cnf,579,1815,TO,TO,17.34,44.06,?
1017,10random.cnf,587,1685,0.02,0.15,0.92,9.23,0.02
1018,s713_15_7.cnf,596,1477,1.66,17.43,14.66,36.77,0.71
1019,s820a_3_2.cnf,598,1627,0.1,0.98,0.85,8.29,0.12
1020,s838_3_2.cnf,598,1414,0.63,6.41,1.06,9.21,0.71
1021,s953a_15_7.cnf,602,1657,1.15,12.30,2.21,13.21,1.01
1022,s832a_3_2.cnf,606,1657,0.17,1.74,0.89,8.74,0.20
1023,s820a_7_4.cnf,616,1703,0.16,1.63,0.93,8.85,0.19
1024,s838_7_4.cnf,616,1490,0.44,4.59,1.15,9.90,0.47
1025,blasted_case107.cnf,618,1661,TO,TO,MO,MO,?
1026,s832a_7_4.cnf,624,1733,0.39,4.13,0.82,7.71,0.54
1027,sum.32.cnf,639,1708,TO,TO,MO,MO,?
1028,blasted_case130.cnf,644,2056,3.68,35.93,2.92,12.55,3.35
1029,blasted_case214.cnf,645,1883,20.58,207.14,2.37,12.95,17.63
1030,blasted_case213.cnf,648,1891,21.32,197.91,2.98,13.15,17.36
1031,2bitadd_11.cnf,649,1562,TO,TO,MO,MO,?
1032,sat-grid-pbl-0025.cnf,650,1226,TO,TO,TO,TO,?
1033,ls10-normalized.cnf,657,4761,TO,TO,MO,MO,?
1034,bugsynthesisnc11.cnf,660,853,0.01,0.06,0.91,9.16,0.01
1035,s1494.bench.cnf,661,2040,0.61,5.98,1.36,11.37,0.54
1036,s1488.bench.cnf,667,2040,0.54,5.81,1.39,11.55,0.52
1037,s820a_15_7.cnf,685,1987,0.32,3.23,1.04,9.77,0.33
1038,s838_15_7.cnf,685,1774,1.03,10.46,2.10,13.33,0.84
1039,s1238a_3_2.cnf,686,1850,1.96,20.12,5.32,21.87,1.10
1040,s1196a_3_2.cnf,690,1805,1.75,18.06,5.28,23.83,0.88
1041,s832a_15_7.cnf,693,2017,0.83,8.20,1.34,11.13,0.75
1042,blasted_squaring22.cnf,695,2193,0.57,4.86,MO,MO,?
1043,blasted_squaring24.cnf,695,2193,0.51,5.02,MO,MO,?
1044,blasted_squaring20.cnf,696,2198,0.53,5.63,1.73,12.28,0.48
1045,blasted_squaring21.cnf,697,2203,0.54,5.27,MO,MO,?
1046,5_140_sd_schur.cnf,700,51600,TO,TO,TO,TO,?
1047,s1238a_7_4.cnf,704,1926,1.63,18.14,5.44,22.46,0.97
1048,2bitadd_12.cnf,708,1702,TO,TO,TO,TO,?
1049,s1196a_7_4.cnf,708,1881,1.9,19.66,6.18,28.79,0.79
1050,blasted_squaring23.cnf,710,2268,1.02,10.69,2.51,16.08,0.71
1051,GuidanceService2.sk_2_27.cnf,715,2181,0.55,5.97,1.17,10.79,0.56
1052,hanoi4.cnf,718,4934,0.7,7.00,1.66,16.27,0.43
1053,bugsynthesisnc6.cnf,723,1273,10.14,102.57,1.30,10.53,10.01
1054,qg4-09.cnf,729,15580,4.46,41.59,4.85,15.80,3.39
1055,qg6-09.cnf,729,21844,0.03,0.33,1.13,11.06,0.03
1056,qg7-09.cnf,729,22060,0.03,0.33,1.15,11.16,0.03
1057,bugsynthesisnc1.cnf,732,1652,1.18,14.82,1.42,11.35,1.37
1058,bugsynthesisnc3.cnf,732,1652,1.39,13.92,1.42,11.54,1.24
1059,blasted_case12.cnf,737,2310,TO,TO,MO,MO,?
1060,bugsynthesisnc21.cnf,738,1321,0.65,6.67,1.20,10.71,0.63
1061,bugsynthesisnc22.cnf,738,1350,0.3,3.01,1.14,10.66,0.28
1062,bugsynthesisnc23.cnf,738,1321,0.71,6.49,1.19,10.76,0.60
1063,s1423.bench.cnf,748,1821,18.52,210.50,155.53,230.14,2.57
1064,c1908.isc.cnf,751,2053,TO,TO,MO,MO,?
1065,4blocks.cnf,758,47820,MO,MO,5.91,18.67,?
1066,cnt06.shuffled.cnf,762,2469,0.13,1.23,1.84,17.71,0.07
1067,blasted_case144.cnf,765,2340,9.42,99.66,8.37,23.90,5.81
1068,s1238a_15_7.cnf,773,2210,2.68,22.40,8.86,36.48,0.71
1069,s1196a_15_7.cnf,777,2165,2.59,23.23,6.25,25.52,1.07
1070,s1423a_3_2.cnf,777,1888,14.7,155.43,103.56,142.03,3.66
1071,bugsynthesisnc17.cnf,785,1354,0.02,0.20,1.20,11.23,0.02
1072,s1423a_7_4.cnf,795,1964,16.69,168.82,57.24,105.75,3.14
1073,scenarios_tree_delete3.sb.pl.sk_2_32.cnf,795,2734,0.81,8.38,1.40,12.93,0.66
1074,blasted_case_0_b14_1.cnf,812,3000,MO,MO,15.50,33.41,?
1075,tire-4.cnf,812,3222,0.9,9.32,2.50,19.87,0.48
1076,blasted_case207.cnf,824,2128,20.82,208.80,2.82,15.15,15.25
1077,blasted_case208.cnf,824,2128,21.03,211.88,2.74,14.78,15.85
1078,blasted_case_0_b12_2.cnf,827,2725,24.57,252.11,57.03,101.51,5.12
1079,blasted_case_1_b12_2.cnf,827,2725,24.92,256.76,51.23,95.48,5.24
1080,blasted_case_2_b12_2.cnf,827,2725,26.19,250.66,58.62,106.51,4.69
1081,logistics.a.cnf,828,6718,3.62,34.64,183.32,264.24,0.38
1082,blasted_squaring27.cnf,837,2901,2.85,27.56,1.90,13.58,2.12
1083,blasted_case50.cnf,843,3288,6.0,60.27,8.25,24.01,3.44
1084,logistics.b.cnf,843,7301,4.65,49.17,54.40,96.49,1.06
1085,blasted_case139.cnf,846,2163,TO,TO,MO,MO,?
1086,blasted_squaring25.cnf,846,2947,2.93,29.28,1.82,12.48,2.47
1087,blasted_case138.cnf,849,2253,TO,TO,MO,MO,?
1088,s1488_3_2.cnf,854,2423,0.39,3.62,1.50,12.98,0.28
1089,bugsynthesisnc9.cnf,863,1620,2.48,27.06,1.31,12.26,2.24
1090,s1423a_15_7.cnf,864,2248,24.21,240.37,494.17,603.60,1.98
1091,blasted_case211.cnf,869,2929,21.16,210.64,7.84,23.57,12.05
1092,blasted_case210.cnf,872,2937,21.51,207.26,8.54,24.35,11.75
1093,s1488_7_4.cnf,872,2499,0.67,6.04,1.71,13.68,0.45
1094,blasted_squaring70.cnf,882,2663,TO,TO,MO,MO,?
1095,blasted_squaring2.cnf,885,2809,8.88,87.77,MO,MO,?
1096,blasted_squaring3.cnf,885,2809,8.49,85.09,MO,MO,?
1097,blasted_squaring5.cnf,885,2809,8.11,84.43,MO,MO,?
1098,blasted_squaring6.cnf,885,2809,8.09,82.40,MO,MO,?
1099,blasted_squaring1.cnf,891,2839,8.88,90.13,MO,MO,?
1100,blasted_squaring4.cnf,891,2839,9.72,93.97,MO,MO,?
1101,blasted_squaring26.cnf,894,3187,3.29,30.51,4.51,18.26,1.98
1102,blasted_case42.cnf,903,2735,TO,TO,MO,MO,?
1103,ls11-normalized.cnf,910,7480,TO,TO,MO,MO,?
1104,sat-grid-pbl-0030.cnf,930,1771,TO,TO,MO,MO,?
1105,log-1.cnf,939,3785,0.74,7.39,1.88,17.61,0.42
1106,prob001.pddl.cnf,939,3785,0.75,7.33,1.95,18.34,0.40
1107,s1488_15_7.cnf,941,2783,0.36,3.65,1.61,13.93,0.27
1108,blasted_case_2_ptb_1.cnf,963,3027,TO,TO,97.94,151.83,?
1109,blasted_case_1_ptb_1.cnf,966,3035,TO,TO,141.98,196.14,?
1110,blasted_squaring11.cnf,966,3213,13.92,144.73,MO,MO,?
1111,GuidanceService.sk_4_27.cnf,988,3088,2.14,21.22,2.13,16.41,1.34
1112,bugsynthesisnc10.cnf,993,1247,0.01,0.09,1.38,13.45,0.01
1113,par16-1.cnf,1015,3310,0.39,3.91,2.28,22.25,0.18
1114,par16-2.cnf,1015,3374,0.52,5.05,2.31,22.20,0.23
1115,par16-3.cnf,1015,3344,0.37,3.80,2.14,22.25,0.17
1116,par16-4.cnf,1015,3324,0.16,1.64,2.63,25.39,0.07
1117,par16-5.cnf,1015,3358,0.48,4.89,3.10,29.46,0.17
1118,lang15.cnf,1024,32320,TO,TO,TO,TO,?
1119,lang16.cnf,1024,32320,TO,TO,TO,TO,?
1120,tableBasedAddition.sk_240_1024.cnf,1026,961,0.0,0.01,1.38,14.08,0.00
1121,blasted_squaring30.cnf,1031,3693,4.02,43.61,41.45,152.42,0.36
1122,blasted_squaring28.cnf,1060,3839,4.94,51.26,MO,MO,?
1123,blasted_case37.cnf,1084,3159,TO,TO,MO,MO,?
1124,bw_large.b.cnf,1087,13772,0.04,0.34,3.27,35.30,0.01
1125,blasted_squaring10.cnf,1099,3632,20.55,204.97,MO,MO,?
1126,blasted_squaring8.cnf,1101,3642,17.5,179.40,MO,MO,?
1127,blasted_squaring29.cnf,1141,4248,3.41,35.55,MO,MO,?
1128,logistics.c.cnf,1141,10719,81.85,821.28,MO,MO,?
1129,blasted_case209.cnf,1189,3477,11.51,110.93,6.71,28.33,4.60
1130,blasted_case212.cnf,1189,3477,11.64,109.81,6.51,28.08,4.55
1131,ls12-normalized.cnf,1221,11231,TO,TO,TO,TO,?
1132,c2670.isc.cnf,1230,2876,TO,TO,MO,MO,?
1133,ra.cnf,1236,11416,1.45,14.62,13.91,56.10,0.31
1134,bugsynthesisnc7.cnf,1246,1738,5.43,49.54,2.03,18.33,2.71
1135,blasted_TR_device_1_linear.cnf,1249,3927,TO,TO,MO,MO,?
1136,bugsynthesisnc2.cnf,1268,2249,TO,TO,12.88,41.08,?
1137,bugsynthesisnc4.cnf,1268,3018,TO,TO,MO,MO,?
1138,bugsynthesisnc8.cnf,1271,2596,0.08,0.81,1.93,19.73,0.04
1139,blasted_TR_b14_1_linear.cnf,1287,3950,MO,MO,MO,MO,?
1140,par32-2-c.cnf,1303,5206,TO,TO,TO,TO,?
1141,blasted_case_1_b14_even.cnf,1304,4057,TO,TO,MO,MO,?
1142,blasted_case_2_b14_even.cnf,1304,4057,TO,TO,MO,MO,?
1143,blasted_case3_b14_even3.cnf,1304,4057,TO,TO,MO,MO,?
1144,par32-1-c.cnf,1315,5254,TO,TO,TO,TO,?
1145,blasted_case1_b14_even3.cnf,1318,4093,TO,TO,MO,MO,?
1146,par32-3-c.cnf,1325,5294,TO,TO,TO,TO,?
1147,qg5-11.cnf,1331,64054,0.15,1.39,2.06,18.21,0.08
1148,par32-4-c.cnf,1333,5326,TO,TO,TO,TO,?
1149,log-2.cnf,1337,24777,0.56,5.70,7.53,33.65,0.20
1150,prob002.pddl.cnf,1337,24777,0.61,5.95,7.46,33.83,0.20
1151,par32-5-c.cnf,1339,5350,TO,TO,TO,TO,?
1152,ssa7552-158.cnf,1363,3034,3.25,32.31,2.07,19.60,1.66
1153,ssa7552-159.cnf,1363,3032,4.16,42.58,2.14,19.70,2.19
1154,bugsynthesisnc31.cnf,1381,2522,0.23,2.28,2.10,20.11,0.11
1155,ssa7552-160.cnf,1391,3126,4.85,42.93,2.33,22.00,1.94
1156,IssueServiceImpl.sk_8_30.cnf,1393,4319,4.57,46.92,10.98,40.39,1.44
1157,D1119_M20.cnf,1400,1698,0.19,1.85,2.07,20.28,0.09
1158,blockmap_05_01.net.cnf,1411,2737,0.01,0.14,1.87,18.39,0.01
1159,C169_FV.cnf,1411,1982,0.04,0.31,1.95,19.13,0.02
1160,C169_FW.cnf,1411,1982,0.03,0.28,1.97,19.63,0.01
1161,log-3.cnf,1413,29487,0.48,4.58,3.64,24.90,0.19
1162,prob003.pddl.cnf,1413,29487,0.43,4.80,3.87,24.50,0.21
1163,D1119_M23.cnf,1414,1997,0.25,2.16,2.12,20.04,0.11
1164,blasted_squaring9.cnf,1434,5028,39.19,370.16,MO,MO,?
1165,lang19.cnf,1444,54226,TO,TO,TO,TO,?
1166,blasted_squaring14.cnf,1458,5009,51.66,505.37,MO,MO,?
1167,C250_FV.cnf,1465,2356,0.08,0.87,2.22,20.82,0.04
1168,C250_FW.cnf,1465,2356,0.08,0.93,2.12,20.94,0.05
1169,10.sk_1_46.cnf,1494,2215,0.07,0.62,2.39,26.17,0.02
1170,ssa7552-038.cnf,1501,3575,7.34,72.87,3.42,27.07,2.77
1171,blasted_case_0_ptb_1.cnf,1507,4621,TO,TO,MO,MO,?
1172,blasted_squaring12.cnf,1507,5210,56.81,645.67,MO,MO,?
1173,27.sk_3_32.cnf,1509,2707,0.0,0.09,2.30,22.46,0.00
1174,UserServiceImpl.sk_8_32.cnf,1509,5009,2.3,23.85,3.58,28.35,0.87
1175,blasted_case49.cnf,1510,6505,MO,MO,162.62,207.54,?
1176,bugsynthesisc6.cnf,1512,2463,1.15,11.23,2.23,20.86,0.54
1177,bugsynthesisnc25.cnf,1513,3601,TO,TO,MO,MO,?
1178,blasted_case_1_4_b14_even.cnf,1532,4761,TO,TO,MO,MO,?
1179,blasted_case_3_4_b14_even.cnf,1532,4761,TO,TO,MO,MO,?
1180,bugsynthesisnc24.cnf,1544,3048,TO,TO,15.27,51.88,?
1181,blasted_TR_b14_2_linear.cnf,1570,4963,TO,TO,MO,MO,?
1182,ls13-normalized.cnf,1596,16248,TO,TO,TO,TO,?
1183,lang20.cnf,1600,63280,TO,TO,TO,TO,?
1184,blasted_squaring16.cnf,1627,5835,67.49,692.69,MO,MO,?
1185,blasted_squaring7.cnf,1628,5837,34.63,342.61,MO,MO,?
1186,C211_FS.cnf,1635,3662,1.44,12.07,2.78,25.94,0.46
1187,C211_FW.cnf,1665,5929,MO,MO,TO,TO,?
1188,PhaseService.sk_14_27.cnf,1686,5655,2.6,26.61,4.11,31.10,0.89
1189,blockmap_05_02.net.cnf,1738,3452,0.02,0.19,2.54,23.96,0.01
1190,C171_FR.cnf,1758,4005,0.97,10.87,23.28,60.76,0.26
1191,C638_FVK.cnf,1761,3162,MO,MO,4.42,29.23,?
1192,C638_FKB.cnf,1784,3774,MO,MO,52.73,82.82,?
1193,cnt07.shuffled.cnf,1786,5856,6.51,66.52,5.68,56.98,1.17
1194,C638_FKA.cnf,1787,7612,MO,MO,TO,TO,?
1195,prob004-log-a.cnf,1790,18026,7.89,75.42,18.65,58.28,1.70
1196,C230_FR.cnf,1808,4767,28.03,275.47,TO,TO,?
1197,C163_FW.cnf,1815,4797,4.34,44.35,145.15,178.16,1.21
1198,C140_FC.cnf,1828,5451,8.37,92.73,387.49,445.79,1.45
1199,ActivityService.sk_11_27.cnf,1837,5968,1.35,13.88,3.42,30.09,0.47
1200,C140_FW.cnf,1841,6306,65.16,647.88,MO,MO,?
1201,C140_FV.cnf,1843,8056,MO,MO,MO,MO,?
1202,C215_FC.cnf,1848,4898,10.09,100.17,TO,TO,?
1203,rb.cnf,1854,11324,2.32,23.00,32.05,100.27,0.30
1204,C170_FR.cnf,1874,10610,54.53,549.74,TO,TO,?
1205,C208_FA.cnf,1876,7219,MO,MO,MO,MO,?
1206,C209_FA.cnf,1885,4093,3.76,36.41,93.17,141.57,0.67
1207,C129_FR.cnf,1888,7404,166.14,1654.09,MO,MO,?
1208,IterationService.sk_12_27.cnf,1896,6732,3.39,35.06,7.13,40.62,0.95
1209,C168_FW.cnf,1909,7477,500.04,5045.18,MO,MO,?
1210,blasted_TR_b12_1_linear.cnf,1914,6619,TO,TO,MO,MO,?
1211,C203_FCL.cnf,1914,5225,57.53,567.98,MO,MO,?
1212,C208_FC.cnf,1922,7518,TO,TO,MO,MO,?
1213,C209_FC.cnf,1922,4805,33.19,325.92,306.61,355.33,6.01
1214,C203_FS.cnf,1931,6275,MO,MO,TO,TO,?
1215,hanoi5.cnf,1931,14468,TO,TO,8.13,92.30,?
1216,C220_FW.cnf,1932,6631,465.18,4590.97,MO,MO,?
1217,C220_FV.cnf,1933,6580,TO,TO,MO,MO,?
1218,C210_FVF.cnf,1934,3985,2.5,23.74,299.51,400.56,0.21
1219,blasted_TR_b14_3_linear.cnf,1942,6228,TO,TO,MO,MO,?
1220,ActivityService2.sk_10_27.cnf,1952,6867,3.14,28.51,4.00,33.75,0.85
1221,blasted_TR_ptb_1_linear.cnf,1969,6288,TO,TO,MO,MO,?
1222,C202_FS.cnf,1990,8883,MO,MO,MO,MO,?
1223,C210_FS.cnf,1990,7982,TO,TO,MO,MO,?
1224,binsearch.16.cnf,2003,5637,TO,TO,MO,MO,?
1225,C210_FW.cnf,2024,9705,TO,TO,MO,MO,?
1226,C203_FW.cnf,2030,7234,MO,MO,MO,MO,?
1227,C202_FW.cnf,2038,11342,MO,MO,MO,MO,?
1228,ls14-normalized.cnf,2041,22789,TO,TO,MO,MO,?
1229,blockmap_05_03.net.cnf,2055,4143,0.09,0.82,3.11,29.30,0.03
1230,lang23.cnf,2116,96370,MO,MO,TO,TO,?
1231,qg7-13.cnf,2197,97072,26.63,242.73,12.49,42.66,7.16
1232,scenarios_aig_insertion1.sb.pl.sk_3_60.cnf,2296,9326,2.51,23.42,4.94,48.33,0.48
1233,log-4.cnf,2303,20963,7.95,80.97,68.02,137.38,1.05
1234,prob004.pddl.cnf,2303,20963,8.89,81.29,72.32,139.58,1.08
1235,lang24.cnf,2304,109536,MO,MO,TO,TO,?
1236,prob012.pddl.cnf,2324,31857,28.47,320.15,MO,MO,?
1237,111.sk_2_36.cnf,2348,5479,0.04,0.35,5.26,53.63,0.01
1238,blasted_TR_b12_2_linear.cnf,2426,8373,TO,TO,MO,MO,?
1239,blasted_TR_device_1_even_linear.cnf,2447,7612,TO,TO,MO,MO,?
1240,blasted_case142.cnf,2457,7305,TO,TO,MO,MO,?
1241,rc.cnf,2472,17942,30.9,314.87,MO,MO,?
1242,ConcreteActivityService.sk_13_28.cnf,2481,9011,3.39,30.74,7.45,57.14,0.55
1243,bugsynthesisc8.cnf,2521,6404,0.06,0.58,8.99,94.25,0.01
1244,ls15-normalized.cnf,2562,31136,TO,TO,MO,MO,?
1245,53.sk_4_32.cnf,2586,10747,0.01,0.18,6.49,63.86,0.00
1246,scenarios_aig_insertion2.sb.pl.sk_3_60.cnf,2592,10156,2.52,25.41,7.31,69.56,0.37
1247,blasted_case_0_b12_even2.cnf,2669,8460,TO,TO,MO,MO,?
1248,blasted_case_1_b12_even2.cnf,2669,8460,TO,TO,MO,MO,?
1249,blasted_case_2_b12_even2.cnf,2669,8460,TO,TO,MO,MO,?
1250,blasted_case_0_b12_even1.cnf,2681,8492,TO,TO,MO,MO,?
1251,blasted_case_1_b12_even1.cnf,2681,8492,TO,TO,MO,MO,?
1252,blasted_case_2_b12_even1.cnf,2681,8492,TO,TO,MO,MO,?
1253,log-5.cnf,2701,29534,49.48,511.26,MO,MO,?
1254,prob005.pddl.cnf,2701,29534,51.84,487.23,MO,MO,?
1255,bmc-ibm-2.cnf,2810,11683,3.77,40.94,5.47,52.76,0.79
1256,blasted_case_2_ptb_2.cnf,2848,9498,TO,TO,MO,MO,?
1257,blasted_case_1_ptb_2.cnf,2851,9506,TO,TO,MO,MO,?
1258,lang27.cnf,2916,156114,MO,MO,TO,TO,?
1259,bugsynthesisnc16.cnf,3015,3073,0.01,0.11,5.48,55.25,0.00
1260,bw_large.c.cnf,3016,50457,0.3,2.98,19.84,141.95,0.02
1261,55.sk_3_46.cnf,3128,12145,0.1,0.97,6.42,69.56,0.01
1262,lang28.cnf,3136,174160,TO,TO,TO,TO,?
1263,ls16-normalized.cnf,3165,41595,TO,TO,MO,MO,?
1264,ProjectService3.sk_12_55.cnf,3175,11019,TO,TO,132.59,226.37,?
1265,par32-1.cnf,3176,10277,TO,TO,TO,TO,?
1266,par32-2.cnf,3176,10253,TO,TO,TO,TO,?
1267,par32-3.cnf,3176,10297,TO,TO,TO,TO,?
1268,par32-4.cnf,3176,10313,TO,TO,TO,TO,?
1269,par32-5.cnf,3176,10325,TO,TO,TO,TO,?
1270,c7552.isc.cnf,3185,8588,TO,TO,MO,MO,?
1271,blasted_case_0_ptb_2.cnf,3391,11089,TO,TO,MO,MO,?
1272,mastermind_05_08_03.net.cnf,3502,7816,53.19,513.18,38.62,163.60,3.68
1273,NotificationServiceImpl2.sk_10_36.cnf,3540,13425,17.42,176.30,22.66,106.00,1.91
1274,109.sk_4_36.cnf,3565,14012,0.07,0.68,17.50,138.81,0.01
1275,blasted_case104.cnf,3666,11589,TO,TO,TO,TO,?
1276,s5378a_3_2.cnf,3679,8372,TO,TO,MO,MO,?
1277,s5378a_7_4.cnf,3697,8448,TO,TO,MO,MO,?
1278,51.sk_4_38.cnf,3708,14594,0.1,0.95,10.03,93.89,0.01
1279,fs-07.net.cnf,3710,6104,TO,TO,MO,MO,?
1280,s5378a_15_7.cnf,3766,8732,TO,TO,MO,MO,?
1281,32.sk_4_38.cnf,3834,13594,0.07,0.63,9.45,83.92,0.01
1282,blasted_TR_ptb_2_linear.cnf,3857,12774,TO,TO,MO,MO,?
1283,mastermind_06_08_03.net.cnf,3979,8833,75.22,781.97,MO,MO,?
1284,alu2_gr_rcs_w8.shuffled.cnf,4080,83902,TO,TO,MO,MO,?
1285,cnt08.shuffled.cnf,4089,13531,TO,TO,31.87,303.14,?
1286,blasted_case141.cnf,4155,11758,TO,TO,MO,MO,?
1287,blasted_case_0_b12_even3.cnf,4157,13049,TO,TO,MO,MO,?
1288,blasted_case_1_b12_even3.cnf,4157,13049,TO,TO,MO,MO,?
1289,blasted_case_2_b12_even3.cnf,4157,13049,TO,TO,MO,MO,?
1290,blasted_squaring40.cnf,4173,13539,TO,TO,MO,MO,?
1291,blasted_squaring42.cnf,4173,13539,TO,TO,MO,MO,?
1292,blasted_squaring41.cnf,4185,13599,TO,TO,MO,MO,?
1293,binsearch.32.cnf,4473,14011,TO,TO,MO,MO,?
1294,c880_gr_rcs_w7.shuffled.cnf,4592,61745,TO,TO,MO,MO,?
1295,70.sk_3_40.cnf,4670,15864,0.07,0.71,34.66,316.21,0.00
1296,logistics.d.cnf,4713,21991,TO,TO,MO,MO,?
1297,mastermind_03_08_04.net.cnf,4720,10920,51.46,539.66,62.29,277.50,2.27
1298,ProcessBean.sk_8_64.cnf,4768,14458,MO,MO,555.83,705.28,?
1299,56.sk_6_38.cnf,4842,17828,0.14,1.33,14.84,127.05,0.01
1300,35.sk_3_52.cnf,4915,10547,0.09,0.89,15.11,151.15,0.01
1301,80.sk_2_48.cnf,4969,17060,0.07,0.67,41.47,405.02,0.00
1302,bugsynthesisc4.cnf,5121,13543,0.22,2.09,34.97,317.18,0.01
1303,blasted_squaring60.cnf,5186,16134,TO,TO,MO,MO,?
1304,bugsynthesisc3.cnf,5355,13751,0.16,1.62,32.43,340.68,0.00
1305,bugsynthesisc5.cnf,5355,13751,0.17,1.69,36.84,352.18,0.00
1306,mastermind_04_08_04.net.cnf,5484,12596,265.94,2739.25,MO,MO,?
1307,71.sk_3_65.cnf,5670,14616,6.72,70.86,24.00,187.16,0.39
1308,79.sk_4_40.cnf,5707,21005,0.02,0.21,TO,TO,?
1309,scenarios_tree_delete.sb.pl.sk_3_30.cnf,5758,22105,2.98,31.44,16.46,124.62,0.26
1310,scenarios_tree_insert_insert.sb.pl.sk_3_68.cnf,5835,22436,44.2,454.22,MO,MO,?
1311,mastermind_10_08_03.net.cnf,5887,12901,525.03,5486.04,MO,MO,?
1312,s9234a_3_2.cnf,6295,14479,TO,TO,MO,MO,?
1313,s9234a_7_4.cnf,6313,14555,TO,TO,TO,TO,?
1314,bw_large.d.cnf,6325,131973,5.33,56.18,OE,OE,?
1315,s9234a_15_7.cnf,6382,14839,TO,TO,MO,MO,?
1316,7.sk_4_50.cnf,6683,24816,0.11,1.12,69.65,612.15,0.00
1317,doublyLinkedList.sk_8_37.cnf,6890,26918,8.27,87.16,19.45,166.34,0.54
1318,57.sk_4_64.cnf,6917,23549,0.19,1.84,21.63,218.02,0.01
1319,19.sk_3_48.cnf,6993,23867,0.39,3.89,29.97,334.24,0.01
1320,63.sk_3_64.cnf,7242,24379,0.31,3.14,25.20,220.67,0.01
1321,mastermind_03_08_05.net.cnf,7564,17690,205.33,1978.08,MO,MO,?
1322,Pollard.sk_1_10.cnf,7815,41258,424.74,4059.73,MO,MO,?
1323,36.sk_3_77.cnf,8047,28733,0.02,0.28,TO,TO,?
1324,LoginService.sk_20_34.cnf,8200,26689,24.32,240.21,45.36,309.76,0.82
1325,3bitadd_31.cnf,8432,31310,TO,TO,TO,TO,?
1326,blasted_TR_b12_even2_linear.cnf,8633,28088,TO,TO,MO,MO,?
1327,blasted_TR_b12_even3_linear.cnf,8633,28088,TO,TO,MO,MO,?
1328,blasted_TR_b12_even7_linear.cnf,8633,28088,TO,TO,MO,MO,?
1329,3bitadd_32.cnf,8704,32316,MO,MO,TO,TO,?
1330,bmc-ibm-7.cnf,8710,39774,TO,TO,MO,MO,?
1331,blasted_TR_b14_even3_linear.cnf,8809,28200,TO,TO,MO,MO,?
1332,blasted_TR_b14_even_linear.cnf,8809,28200,TO,TO,MO,MO,?
1333,29.sk_3_45.cnf,8866,31557,0.39,3.90,30.22,283.24,0.01
1334,107.sk_3_90.cnf,8948,40147,0.22,2.30,46.09,402.96,0.01
1335,cnt09.shuffled.cnf,9207,30678,TO,TO,107.38,973.07,?
1336,s13207a_3_2.cnf,9368,20559,MO,MO,MO,MO,?
1337,s13207a_7_4.cnf,9386,20635,MO,MO,MO,MO,?
1338,bmc-ibm-5.cnf,9396,41207,662.53,6668.24,536.71,1002.28,12.90
1339,s13207a_15_7.cnf,9455,20919,MO,MO,MO,MO,?
1340,bmc-ibm-1.cnf,9685,55870,94.14,949.97,69.05,357.38,2.97
1341,isolateRightmost.sk_7_481.cnf,10057,35275,TO,TO,MO,MO,?
1342,17.sk_3_45.cnf,10090,27056,0.15,1.46,111.50,971.52,0.00
1343,fs-10.net.cnf,10220,17210,TO,TO,MO,MO,?
1344,blasted_TR_b14_even2_linear.cnf,10329,33008,TO,TO,MO,MO,?
1345,81.sk_5_51.cnf,10775,38006,0.84,8.48,40.69,394.85,0.02
1346,s15850a_3_2.cnf,10908,24476,TO,TO,MO,MO,?
1347,s15850a_7_4.cnf,10926,24552,TO,TO,MO,MO,?
1348,s15850a_15_7.cnf,10995,24836,TO,TO,MO,MO,?
1349,blockmap_10_01.net.cnf,11328,23175,0.45,4.54,53.20,499.49,0.01
1350,LoginService2.sk_23_36.cnf,11511,41411,TO,TO,MO,MO,?
1351,sort.sk_8_52.cnf,12125,49611,TO,TO,MO,MO,?
1352,scenarios_tree_delete4.sb.pl.sk_4_114.cnf,12389,47486,MO,MO,MO,MO,?
1353,blockmap_10_02.net.cnf,12562,26022,0.73,7.39,47.84,439.12,0.02
1354,parity.sk_11_11.cnf,13116,47506,TO,TO,MO,MO,?
1355,bmc-ibm-13.cnf,13215,65728,TO,TO,162.01,1412.22,?
1356,blockmap_10_03.net.cnf,13786,28826,10.37,105.45,86.07,587.09,0.19
1357,77.sk_3_44.cnf,14535,27573,0.19,1.81,180.84,1600.07,0.00
1358,bmc-ibm-3.cnf,14930,72106,18.29,189.57,258.39,2471.52,0.08
1359,20.sk_1_51.cnf,15475,60994,1.66,16.39,192.80,1562.18,0.01
1360,scenarios_tree_delete2.sb.pl.sk_8_114.cnf,15573,59561,204.45,1982.68,254.14,1224.95,1.83
1361,84.sk_4_77.cnf,15678,70956,0.57,5.72,112.97,1092.51,0.01
1362,enqueueSeqSK.sk_10_42.cnf,16466,58515,TO,TO,MO,MO,?
1363,tutorial2.sk_3_4.cnf,16726,77653,0.13,1.32,162.18,1491.19,0.00
1364,s35932_3_2.cnf,17831,44349,147.08,1552.83,OE,OE,?
1365,s35932_7_4.cnf,17849,44425,153.2,1554.18,OE,OE,?
1366,s35932_15_7.cnf,17918,44709,170.58,1669.93,OE,OE,?
1367,110.sk_3_88.cnf,18570,63471,0.54,5.40,329.80,3259.47,0.00
1368,logcount.sk_16_86.cnf,19126,68146,MO,MO,TO,TO,?
1369,karatsuba.sk_7_41.cnf,19594,82417,TO,TO,MO,MO,?
1370,cnt10.shuffled.cnf,20470,68561,TO,TO,254.47,2387.98,?
1371,54.sk_12_97.cnf,21726,73499,90.9,928.24,MO,MO,?
1372,fs-13.net.cnf,21788,37154,TO,TO,MO,MO,?
1373,s38584_3_2.cnf,23405,57394,TO,TO,MO,MO,?
1374,s38584_7_4.cnf,23423,57470,TO,TO,TO,TO,?
1375,s38584_15_7.cnf,23492,57754,TO,TO,MO,MO,?
1376,scenarios_treemax.sb.pl.sk_7_19.cnf,24859,103762,4.74,48.94,OE,OE,?
1377,s38417_3_2.cnf,25528,57586,TO,TO,MO,MO,?
1378,s38417_7_4.cnf,25546,57662,TO,TO,MO,MO,?
1379,s38417_15_7.cnf,25615,57946,TO,TO,MO,MO,?
1380,bmc-ibm-4.cnf,28161,139716,MO,MO,424.75,3517.61,?
1381,30.sk_5_76.cnf,29621,112297,11.27,110.34,472.95,4024.73,0.03
1382,signedAvg.sk_8_1020.cnf,30335,91854,TO,TO,TO,TO,?
1383,scenarios_treemin.sb.pl.sk_9_19.cnf,30736,128537,6.89,63.58,504.33,3764.95,0.02
1384,bmc-ibm-11.cnf,32109,150027,MO,MO,MO,MO,?
1385,blockmap_15_01.net.cnf,33035,67424,3.68,35.12,419.64,3407.71,0.01
1386,SetTest.sk_9_21.cnf,33744,148948,2.22,22.58,TO,TO,?
1387,scenarios_tree_delete1.sb.pl.sk_3_114.cnf,34998,135565,308.07,3134.84,628.70,4570.83,0.72
1388,blockmap_15_02.net.cnf,35386,72866,5.22,56.52,429.64,3612.08,0.02
1389,xpose.sk_6_134.cnf,35519,159328,TO,TO,MO,MO,?
1390,blockmap_15_03.net.cnf,37709,78239,120.64,1254.71,MO,MO,?
1391,bmc-ibm-12.cnf,39598,194778,603.2,6007.49,MO,MO,?
1392,fs-16.net.cnf,39872,68528,TO,TO,MO,MO,?
1393,scenarios_lltraversal.sb.pl.sk_5_23.cnf,39912,167842,271.36,2756.83,MO,MO,?
1394,compress.sk_17_291.cnf,44901,166948,TO,TO,MO,MO,?
1395,bmc-ibm-6.cnf,51639,368352,TO,TO,MO,MO,?
1396,listReverse.sk_11_43.cnf,53008,204957,TO,TO,MO,MO,?
1397,bmc-galileo-8.cnf,58074,294821,TO,TO,MO,MO,?
1398,bmc-ibm-10.cnf,59056,323700,TO,TO,MO,MO,?
1399,bmc-galileo-9.cnf,63624,326999,TO,TO,MO,MO,?
1400,scenarios_llreverse.sb.pl.sk_8_25.cnf,63797,257657,MO,MO,TO,TO,?
1401,fs-19.net.cnf,65930,113924,TO,TO,MO,MO,?
1402,reverse.sk_11_258.cnf,75641,380869,2.2,21.48,TO,TO,?
1403,blockmap_20_01.net.cnf,78650,160055,24.44,238.07,TO,TO,?
1404,scenarios_tree_search.sb.pl.sk_11_136.cnf,81080,315697,TO,TO,MO,MO,?
1405,scenarios_tree_insert_search.sb.pl.sk_11_136.cnf,82202,319077,TO,TO,MO,MO,?
1406,scenarios_aig_traverse.sb.pl.sk_5_102.cnf,82247,331100,TO,TO,MO,MO,?
1407,lss.sk_6_7.cnf,82362,259552,563.91,5755.17,MO,MO,?
1408,blockmap_20_02.net.cnf,82786,169415,32.49,390.44,MO,MO,?
1409,blockmap_20_03.net.cnf,86889,178682,TO,TO,MO,MO,?
1410,jburnim_morton.sk_13_530.cnf,101241,378557,TO,TO,MO,MO,?
1411,fs-22.net.cnf,101420,175934,TO,TO,MO,MO,?
1412,blockmap_22_01.net.cnf,108698,224008,51.09,574.39,TO,TO,?
1413,blockmap_22_02.net.cnf,113870,235801,140.57,1176.02,MO,MO,?
1414,scenarios_llinsert2.sb.pl.sk_6_407.cnf,116345,454527,MO,MO,TO,TO,?
1415,blockmap_22_03.net.cnf,119003,247486,TO,TO,TO,TO,?
1416,fs-25.net.cnf,147800,257150,TO,TO,MO,MO,?
1417,partition.sk_22_155.cnf,151795,689327,TO,TO,MO,MO,?
1418,log2.sk_72_391.cnf,185178,716257,TO,TO,TO,TO,?
1419,scenarios_lldelete1.sb.pl.sk_6_409.cnf,198239,803606,MO,MO,MO,MO,?
1420,fs-28.net.cnf,206528,360164,TO,TO,MO,MO,?
1421,fs-29.net.cnf,229100,399794,MO,MO,MO,MO,?
1422,diagStencil.sk_35_36.cnf,319730,1774184,TO,TO,TO,TO,?
1423,diagStencilClean.sk_41_36.cnf,378131,2110471,TO,TO,MO,MO,?
1424,ConcreteRoleAffectationService.sk_119_273.cnf,395951,1520924,MO,MO,TO,TO,?
1425,tutorial3.sk_4_31.cnf,486193,2598178,TO,TO,TO,TO,?